CustomerID,Recency,Frequency,Monetary,R_Score,F_Score,M_Score,RFM_Score,Cluster
C10000,86,7,1325.84,3,4,4,11,1
C10001,179,1,31.75,1,1,1,3,3
C10002,186,2,624.15,1,2,3,6,3
C10003,7,3,407.42,5,3,2,10,0
C10004,94,12,2097.03,2,5,5,12,1
C10005,16,10,1991.14,5,4,4,13,1
C10006,19,35,14542.4,4,5,5,14,2
C10007,188,1,245.07,1,1,1,3,3
C10008,48,3,301.94,3,3,2,8,0
C10009,23,2,625.93,4,2,3,9,0
C10010,15,32,12968.45,5,5,5,15,2
C10011,170,1,336.32,2,1,2,5,3
C10012,200,1,14.0,1,1,1,3,3
C10013,25,6,1133.49,4,4,4,12,1
C10014,36,11,2827.94,4,5,5,14,1
C10015,12,12,2273.78,5,5,5,15,2
C10016,63,6,1125.35,3,4,4,11,1
C10017,281,3,614.2,1,3,3,7,3
C10018,56,2,217.89999999999998,3,2,1,6,0
C10019,16,12,2684.92,5,5,5,15,1
C10020,52,3,345.02,3,3,2,8,0
C10021,21,9,1568.56,4,4,4,12,1
C10022,96,9,1648.31,2,4,4,10,1
C10023,38,10,2213.31,4,4,5,13,1
C10024,132,3,552.9300000000001,2,3,3,8,3
C10025,19,3,848.8,4,3,3,10,0
C10026,43,13,2178.22,3,5,5,13,1
C10027,86,2,546.68,3,2,3,8,3
C10028,38,3,396.8,4,3,2,9,0
C10029,4,17,8527.73,5,5,5,15,2
C10030,333,2,539.0,1,2,3,6,3
C10031,12,12,3452.91,5,5,5,15,2
C10032,41,17,5467.55,4,5,5,14,1
C10033,104,1,118.34,2,1,1,4,3
C10034,84,1,403.25,3,1,2,6,3
C10035,137,1,451.88,2,1,2,5,3
C10036,10,7,1066.18,5,4,4,13,1
C10037,30,4,591.83,4,3,3,10,0
C10038,47,2,271.88,3,2,1,6,0
C10039,142,2,402.5,2,2,2,6,3
C10040,23,8,2045.7,4,4,4,12,1
C10041,109,3,637.34,2,3,3,8,3
C10042,7,36,14908.23,5,5,5,15,2
C10043,116,1,352.54,2,1,2,5,3
C10044,115,13,2711.07,2,5,5,12,1
C10045,65,2,233.55,3,2,1,6,3
C10046,29,7,1440.89,4,4,4,12,1
C10047,120,2,754.83,2,2,3,7,3
C10048,272,3,457.76,1,3,2,6,3
C10049,7,9,2157.69,5,4,5,14,2
C10050,341,1,350.37,1,1,2,4,3
C10051,247,2,282.44,1,2,2,5,3
C10052,139,1,131.87,2,1,1,4,3
C10053,278,1,386.72999999999996,1,1,2,4,3
C10054,65,2,428.21999999999997,3,2,2,7,0
C10055,1,1,86.52000000000001,5,1,1,7,0
C10056,55,8,1173.65,3,4,4,11,1
C10057,59,12,2901.7400000000002,3,5,5,13,1
C10058,2,38,13872.36,5,5,5,15,2
C10059,24,10,2230.36,4,4,5,13,1
C10060,7,8,1753.75,5,4,4,13,2
C10061,64,11,2733.93,3,5,5,13,1
C10062,228,1,175.28,1,1,1,3,3
C10063,3,6,1356.35,5,4,4,13,2
C10064,13,7,1431.54,5,4,4,13,1
C10065,229,2,30.64,1,2,1,4,3
C10066,12,11,1671.05,5,5,4,14,1
C10067,6,1,431.54999999999995,5,1,2,8,0
C10068,9,34,14199.25,5,5,5,15,2
C10069,37,1,309.49,4,1,2,7,0
C10070,204,2,464.81,1,2,2,5,3
C10071,31,8,1484.78,4,4,4,12,1
C10072,37,19,8291.53,4,5,5,14,2
C10073,35,1,22.23,4,1,1,6,3
C10074,88,2,243.66,2,2,1,5,3
C10075,278,2,219.82,1,2,1,4,3
C10076,101,3,664.6800000000001,2,3,3,8,3
C10077,16,18,5840.49,5,5,5,15,2
C10078,4,9,2208.09,5,4,5,14,2
C10079,104,12,2715.79,2,5,5,12,1
C10080,238,1,467.90000000000003,1,1,2,4,3
C10081,189,3,742.76,1,3,3,7,3
C10082,17,8,1834.01,4,4,4,12,1
C10083,15,18,8484.57,5,5,5,15,2
C10084,12,11,2184.04,5,5,5,15,1
C10085,2,7,1355.09,5,4,4,13,2
C10086,8,3,1109.98,5,3,4,12,0
C10087,22,3,465.03,4,3,2,9,0
C10088,351,1,38.160000000000004,1,1,1,3,3
C10089,10,3,241.59999999999997,5,3,1,9,0
C10090,97,6,1198.35,2,4,4,10,1
C10091,8,3,629.12,5,3,3,11,0
C10092,183,2,467.01,1,2,2,5,3
C10093,180,3,547.75,1,3,3,7,3
C10094,138,2,609.59,2,2,3,7,3
C10095,24,3,760.4300000000001,4,3,3,10,0
C10096,117,2,525.4300000000001,2,2,3,7,3
C10097,48,3,577.84,3,3,3,9,0
C10098,3,29,10652.54,5,5,5,15,2
C10099,47,7,912.88,3,4,4,11,1
C10100,11,18,8627.3,5,5,5,15,2
C10101,234,2,366.77,1,2,2,5,3
C10102,37,10,2678.14,4,4,5,13,1
C10103,4,2,526.57,5,2,3,10,0
C10104,148,1,235.91,2,1,1,4,3
C10105,1,13,1852.07,5,5,4,14,2
C10106,229,2,335.64,1,2,2,5,3
C10107,138,2,260.71,2,2,1,5,3
C10108,67,8,1683.38,3,4,4,11,1
C10109,21,19,8722.39,4,5,5,14,2
C10110,53,9,1666.71,3,4,4,11,1
C10111,18,11,2201.2,4,5,5,14,1
C10112,357,1,100.75,1,1,1,3,3
C10113,232,1,63.86,1,1,1,3,3
C10114,15,2,284.76,5,2,2,9,0
C10115,99,1,488.44,2,1,3,6,3
C10116,86,1,268.37,3,1,1,5,3
C10117,116,5,1625.81,2,3,4,9,1
C10118,309,1,503.51,1,1,3,5,3
C10119,5,3,732.61,5,3,3,11,0
C10120,24,1,70.78,4,1,1,6,0
C10121,12,1,167.17,5,1,1,7,0
C10122,55,10,1917.6,3,4,4,11,1
C10123,43,11,2240.71,3,5,5,13,1
C10124,165,5,659.86,2,4,3,9,3
C10125,96,2,292.90999999999997,2,2,2,6,3
C10126,53,1,210.05999999999997,3,1,1,5,3
C10127,225,1,28.1,1,1,1,3,3
C10128,6,19,9914.05,5,5,5,15,2
C10129,15,3,181.41,5,3,1,9,0
C10130,33,2,335.89,4,2,2,8,0
C10131,36,9,1693.54,4,4,4,12,1
C10132,68,6,1174.09,3,4,4,11,1
C10133,1,13,3125.53,5,5,5,15,2
C10134,207,1,368.04,1,1,2,4,3
C10135,46,11,2063.96,3,5,5,13,1
C10136,65,2,472.99,3,2,2,7,0
C10137,200,2,415.54999999999995,1,2,2,5,3
C10138,37,7,1406.3,4,4,4,12,1
C10139,64,1,153.21,3,1,1,5,3
C10140,308,1,110.57000000000001,1,1,1,3,3
C10141,113,5,996.86,2,4,4,10,1
C10142,218,3,899.07,1,3,3,7,3
C10143,85,5,984.24,3,4,4,11,1
C10144,1,9,2413.75,5,4,5,14,2
C10145,9,32,14822.12,5,5,5,15,2
C10146,68,3,778.11,3,3,3,9,0
C10147,200,2,170.57,1,2,1,4,3
C10148,7,38,16917.46,5,5,5,15,2
C10149,44,8,1614.95,3,4,4,11,1
C10150,341,1,143.43,1,1,1,3,3
C10151,13,11,3226.07,5,5,5,15,2
C10152,6,12,2557.98,5,5,5,15,2
C10153,173,2,543.84,1,2,3,6,3
C10154,9,1,223.85000000000002,5,1,1,7,0
C10155,11,11,1785.87,5,5,4,14,1
C10156,86,2,469.83000000000004,3,2,2,7,3
C10157,2,3,568.38,5,3,3,11,0
C10158,18,6,1246.46,4,4,4,12,1
C10159,95,2,825.27,2,2,3,7,3
C10160,5,12,2486.4700000000003,5,5,5,15,2
C10161,240,2,238.72,1,2,1,4,3
C10162,63,3,487.88000000000005,3,3,3,9,0
C10163,104,2,444.55,2,2,2,6,3
C10164,3,9,2320.06,5,4,5,14,2
C10165,28,1,265.97999999999996,4,1,1,6,0
C10166,53,11,2370.76,3,5,5,13,1
C10167,8,12,2021.8899999999999,5,5,4,14,2
C10168,3,39,18061.84,5,5,5,15,2
C10169,72,2,411.03000000000003,3,2,2,7,3
C10170,198,2,111.1,1,2,1,4,3
C10171,9,37,15434.8,5,5,5,15,2
C10172,198,3,429.7,1,3,2,6,3
C10173,56,8,1779.77,3,4,4,11,1
C10174,120,2,370.28,2,2,2,6,3
C10175,3,6,1826.17,5,4,4,13,2
C10176,3,2,205.39,5,2,1,8,0
C10177,82,6,1225.06,3,4,4,11,1
C10178,146,1,283.39,2,1,2,5,3
C10179,7,7,1475.53,5,4,4,13,1
C10180,62,10,2511.92,3,4,5,12,1
C10181,16,13,3172.74,5,5,5,15,2
C10182,344,1,25.4,1,1,1,3,3
C10183,82,1,144.58,3,1,1,5,3
C10184,7,11,1782.52,5,5,4,14,2
C10185,141,2,345.21,2,2,2,6,3
C10186,273,1,84.8,1,1,1,3,3
C10187,130,3,347.98,2,3,2,7,3
C10188,155,2,918.91,2,2,4,8,3
C10189,39,6,1127.47,4,4,4,12,1
C10190,66,9,2258.03,3,4,5,12,1
C10191,242,1,164.56,1,1,1,3,3
C10192,71,1,135.91,3,1,1,5,3
C10193,197,2,245.99,1,2,1,4,3
C10194,26,8,1480.07,4,4,4,12,1
C10195,50,9,1869.6299999999999,3,4,4,11,1
C10196,49,2,250.03000000000003,3,2,1,6,0
C10197,304,1,442.0,1,1,2,4,3
C10198,274,1,164.25,1,1,1,3,3
C10199,34,2,465.1,4,2,2,8,0
C10200,114,3,431.14,2,3,2,7,3
C10201,10,12,2419.75,5,5,5,15,2
C10202,54,8,1565.3,3,4,4,11,1
C10203,317,1,177.34,1,1,1,3,3
C10204,156,2,391.92,2,2,2,6,3
C10205,21,21,11049.75,4,5,5,14,2
C10206,1,13,2471.08,5,5,5,15,2
C10207,35,2,808.54,4,2,3,9,0
C10208,21,18,8153.6900000000005,4,5,5,14,2
C10209,38,7,1213.04,4,4,4,12,1
C10210,113,2,821.27,2,2,3,7,3
C10211,8,3,499.78,5,3,3,11,0
C10212,83,2,235.27,3,2,1,6,3
C10213,115,7,1624.98,2,4,4,10,1
C10214,106,3,290.26,2,3,2,7,3
C10215,64,9,1577.6100000000001,3,4,4,11,1
C10216,1,6,1253.3400000000001,5,4,4,13,2
C10217,141,3,858.88,2,3,3,8,3
C10218,32,2,228.89,4,2,1,7,0
C10219,300,1,55.199999999999996,1,1,1,3,3
C10220,49,3,477.94,3,3,2,8,0
C10221,2,3,590.27,5,3,3,11,0
C10222,12,12,1820.6399999999999,5,5,4,14,1
C10223,24,7,2199.5,4,4,5,13,1
C10224,16,9,2054.46,5,4,5,14,1
C10225,100,6,1301.28,2,4,4,10,1
C10226,263,1,233.68,1,1,1,3,3
C10227,38,10,2598.48,4,4,5,13,1
C10228,137,1,474.1,2,1,2,5,3
C10229,122,2,532.26,2,2,3,7,3
C10230,35,2,504.49,4,2,3,9,0
C10231,156,2,377.54,2,2,2,6,3
C10232,143,2,347.57,2,2,2,6,3
C10233,57,3,550.57,3,3,3,9,0
C10234,97,6,1392.33,2,4,4,10,1
C10235,55,3,695.05,3,3,3,9,0
C10236,12,8,1377.14,5,4,4,13,1
C10237,5,32,12664.66,5,5,5,15,2
C10238,53,3,706.38,3,3,3,9,0
C10239,11,7,1281.1,5,4,4,13,1
C10240,3,1,318.5,5,1,2,8,0
C10241,9,1,484.92,5,1,3,9,0
C10242,264,1,157.36,1,1,1,3,3
C10243,33,9,1898.39,4,4,4,12,1
C10244,83,20,6707.38,3,5,5,13,1
C10245,324,1,444.86,1,1,2,4,3
C10246,174,2,421.51,1,2,2,5,3
C10247,197,1,126.69999999999999,1,1,1,3,3
C10248,105,1,167.26,2,1,1,4,3
C10249,22,1,172.68,4,1,1,6,0
C10250,60,8,842.5899999999999,3,4,3,10,1
C10251,132,5,1225.69,2,4,4,10,1
C10252,84,1,198.41,3,1,1,5,3
C10253,168,6,1136.1200000000001,2,4,4,10,1
C10254,20,13,2176.57,4,5,5,14,1
C10255,37,2,220.39000000000001,4,2,1,7,0
C10256,147,1,347.15999999999997,2,1,2,5,3
C10257,65,3,824.39,3,3,3,9,0
C10258,177,3,663.4300000000001,1,3,3,7,3
C10259,1,13,3294.86,5,5,5,15,2
C10260,30,3,1065.66,4,3,4,11,0
C10261,35,1,91.3,4,1,1,6,0
C10262,117,7,1228.9,2,4,4,10,1
C10263,85,2,336.12,3,2,2,7,3
C10264,103,1,156.19,2,1,1,4,3
C10265,73,3,797.3,3,3,3,9,0
C10266,127,3,483.58,2,3,3,8,3
C10267,19,3,603.05,4,3,3,10,0
C10268,9,13,3268.02,5,5,5,15,2
C10269,6,11,2787.41,5,5,5,15,2
C10270,124,1,102.47999999999999,2,1,1,4,3
C10271,85,1,150.63,3,1,1,5,3
C10272,45,1,54.6,3,1,1,5,3
C10273,280,1,480.9,1,1,2,4,3
C10274,263,2,134.69,1,2,1,4,3
C10275,161,2,398.14,2,2,2,6,3
C10276,47,3,686.23,3,3,3,9,0
C10277,120,3,711.63,2,3,3,8,3
C10278,176,2,334.97,1,2,2,5,3
C10279,34,2,563.86,4,2,3,9,0
C10280,267,1,345.49,1,1,2,4,3
C10281,29,9,1251.03,4,4,4,12,1
C10282,16,12,2446.81,5,5,5,15,1
C10283,8,10,2269.95,5,4,5,14,2
C10284,157,3,711.64,2,3,3,8,3
C10285,19,36,14176.32,4,5,5,14,2
C10286,4,3,649.54,5,3,3,11,0
C10287,216,3,453.82,1,3,2,6,3
C10288,19,9,1873.0,4,4,4,12,1
C10289,171,3,774.92,2,3,3,8,3
C10290,15,22,8838.94,5,5,5,15,2
C10291,16,26,12946.4,5,5,5,15,2
C10292,34,1,39.529999999999994,4,1,1,6,0
C10293,72,10,1682.5300000000002,3,4,4,11,1
C10294,38,12,2755.82,4,5,5,14,1
C10295,63,2,244.0,3,2,1,6,3
C10296,206,2,293.15,1,2,2,5,3
C10297,54,7,1061.44,3,4,4,11,1
C10298,28,3,1081.67,4,3,4,11,0
C10299,103,9,1839.56,2,4,4,10,1
C10300,6,39,13992.6,5,5,5,15,2
C10301,126,3,183.81,2,3,1,6,3
C10302,304,3,672.85,1,3,3,7,3
C10303,55,3,364.65999999999997,3,3,2,8,0
C10304,143,3,517.07,2,3,3,8,3
C10305,192,1,376.77,1,1,2,4,3
C10306,109,3,634.67,2,3,3,8,3
C10307,1,11,2549.29,5,5,5,15,2
C10308,258,2,94.64,1,2,1,4,3
C10309,62,11,2285.13,3,5,5,13,1
C10310,87,3,530.37,3,3,3,9,3
C10311,14,32,11128.74,5,5,5,15,2
C10312,22,24,10299.38,4,5,5,14,2
C10313,290,1,71.26,1,1,1,3,3
C10314,16,1,433.72999999999996,5,1,2,8,0
C10315,13,2,547.56,5,2,3,10,0
C10316,216,2,648.0699999999999,1,2,3,6,3
C10317,17,8,2018.31,4,4,4,12,1
C10318,45,9,1847.41,3,4,4,11,1
C10319,234,7,1701.52,1,4,4,9,1
C10320,31,2,424.99,4,2,2,8,0
C10321,78,3,901.4,3,3,3,9,0
C10322,248,2,415.01000000000005,1,2,2,5,3
C10323,30,7,1240.51,4,4,4,12,1
C10324,200,1,228.97000000000003,1,1,1,3,3
C10325,49,3,822.94,3,3,3,9,0
C10326,129,2,173.9,2,2,1,5,3
C10327,141,3,649.78,2,3,3,8,3
C10328,78,3,540.41,3,3,3,9,3
C10329,28,13,2184.0299999999997,4,5,5,14,1
C10330,34,13,2674.58,4,5,5,14,1
C10331,93,2,304.16999999999996,2,2,2,6,3
C10332,10,28,13772.01,5,5,5,15,2
C10333,11,7,1243.3600000000001,5,4,4,13,1
C10334,8,24,8219.97,5,5,5,15,2
C10335,3,30,11913.14,5,5,5,15,2
C10336,133,1,29.450000000000003,2,1,1,4,3
C10337,18,2,592.9499999999999,4,2,3,9,0
C10338,24,3,781.0699999999999,4,3,3,10,0
C10339,30,12,2349.58,4,5,5,14,1
C10340,217,3,619.3,1,3,3,7,3
C10341,24,2,524.78,4,2,3,9,0
C10342,100,5,1286.8600000000001,2,4,4,10,1
C10343,94,2,651.69,2,2,3,7,3
C10344,26,9,1690.48,4,4,4,12,1
C10345,60,2,222.26999999999998,3,2,1,6,3
C10346,137,2,658.46,2,2,3,7,3
C10347,30,30,12372.94,4,5,5,14,2
C10348,19,8,1938.3799999999999,4,4,4,12,1
C10349,137,2,433.76,2,2,2,6,3
C10350,87,2,331.32,3,2,2,7,3
C10351,196,1,320.6,1,1,2,4,3
C10352,16,2,411.17999999999995,5,2,2,9,0
C10353,53,12,2411.15,3,5,5,13,1
C10354,8,30,12021.69,5,5,5,15,2
C10355,142,2,356.14,2,2,2,6,3
C10356,37,26,10954.91,4,5,5,14,2
C10357,98,3,929.58,2,3,4,9,3
C10358,168,1,258.84000000000003,2,1,1,4,3
C10359,100,2,277.67,2,2,2,6,3
C10360,37,6,1318.19,4,4,4,12,1
C10361,73,2,370.99,3,2,2,7,3
C10362,213,3,680.21,1,3,3,7,3
C10363,79,3,277.71,3,3,2,8,3
C10364,119,1,16.419999999999998,2,1,1,4,3
C10365,57,7,1544.47,3,4,4,11,1
C10366,283,1,268.0,1,1,1,3,3
C10367,329,1,59.64,1,1,1,3,3
C10368,3,5,808.1800000000001,5,4,3,12,0
C10369,1,29,11140.69,5,5,5,15,2
C10370,30,6,1147.64,4,4,4,12,1
C10371,34,31,14057.34,4,5,5,14,2
C10372,32,11,2819.58,4,5,5,14,1
C10373,22,3,312.3,4,3,2,9,0
C10374,51,31,13543.8,3,5,5,13,2
C10375,34,11,2463.94,4,5,5,14,1
C10376,166,1,511.63,2,1,3,6,3
C10377,6,25,10514.65,5,5,5,15,2
C10378,234,1,71.4,1,1,1,3,3
C10379,61,8,939.1999999999999,3,4,4,11,1
C10380,46,8,758.33,3,4,3,10,1
C10381,26,3,421.03999999999996,4,3,2,9,0
C10382,35,3,637.49,4,3,3,10,0
C10383,247,1,35.400000000000006,1,1,1,3,3
C10384,52,2,332.47,3,2,2,7,0
C10385,119,1,129.1,2,1,1,4,3
C10386,8,11,2828.77,5,5,5,15,2
C10387,108,7,1269.6399999999999,2,4,4,10,1
C10388,162,2,433.25,2,2,2,6,3
C10389,100,1,334.23,2,1,2,5,3
C10390,147,1,473.74,2,1,2,5,3
C10391,216,2,738.31,1,2,3,6,3
C10392,71,6,1798.98,3,4,4,11,1
C10393,127,3,401.13,2,3,2,7,3
C10394,45,9,1702.47,3,4,4,11,1
C10395,286,1,47.49,1,1,1,3,3
C10396,208,1,141.38,1,1,1,3,3
C10397,290,2,544.11,1,2,3,6,3
C10398,68,2,373.95,3,2,2,7,3
C10399,65,3,969.39,3,3,4,10,0
C10400,55,9,2250.09,3,4,5,12,1
C10401,31,1,130.0,4,1,1,6,0
C10402,172,2,370.25,2,2,2,6,3
C10403,59,1,76.66,3,1,1,5,3
C10404,10,6,777.22,5,4,3,12,1
C10405,225,1,114.44,1,1,1,3,3
C10406,34,8,1784.59,4,4,4,12,1
C10407,6,39,19984.35,5,5,5,15,2
C10408,23,1,94.99,4,1,1,6,0
C10409,11,9,2434.72,5,4,5,14,1
C10410,20,5,1130.1100000000001,4,4,4,12,1
C10411,267,1,412.47999999999996,1,1,2,4,3
C10412,174,1,259.51,1,1,1,3,3
C10413,115,2,635.62,2,2,3,7,3
C10414,69,2,522.03,3,2,3,8,0
C10415,55,3,341.56,3,3,2,8,0
C10416,20,9,2184.55,4,4,5,13,1
C10417,71,5,1372.79,3,4,4,11,1
C10418,160,2,304.36,2,2,2,6,3
C10419,99,3,530.68,2,3,3,8,3
C10420,146,2,344.83,2,2,2,6,3
C10421,165,3,785.09,2,3,3,8,3
C10422,30,8,1947.62,4,4,4,12,1
C10423,54,2,191.04999999999998,3,2,1,6,0
C10424,3,18,8887.82,5,5,5,15,2
C10425,79,3,839.26,3,3,3,9,0
C10426,138,3,375.94,2,3,2,7,3
C10427,90,1,70.02000000000001,2,1,1,4,3
C10428,1,13,3646.15,5,5,5,15,2
C10429,8,13,3384.43,5,5,5,15,2
C10430,27,5,1290.59,4,4,4,12,1
C10431,172,2,203.60999999999999,2,2,1,5,3
C10432,237,2,736.4200000000001,1,2,3,6,3
C10433,95,5,1029.01,2,4,4,10,1
C10434,120,13,2809.61,2,5,5,12,1
C10435,345,2,533.76,1,2,3,6,3
C10436,11,35,12540.02,5,5,5,15,2
C10437,57,1,264.99,3,1,1,5,3
C10438,22,3,858.3299999999999,4,3,3,10,0
C10439,6,13,2286.65,5,5,5,15,2
C10440,39,6,1912.35,4,4,4,12,1
C10441,247,1,435.39,1,1,2,4,3
C10442,5,12,2031.04,5,5,4,14,2
C10443,14,7,1210.8,5,4,4,13,1
C10444,108,1,312.72999999999996,2,1,2,5,3
C10445,71,1,179.46,3,1,1,5,3
C10446,246,1,563.4,1,1,3,5,3
C10447,68,3,133.89,3,3,1,7,3
C10448,12,11,2551.16,5,5,5,15,2
C10449,83,11,3057.34,3,5,5,13,1
C10450,226,2,739.02,1,2,3,6,3
C10451,145,2,330.34999999999997,2,2,2,6,3
C10452,220,2,390.12,1,2,2,5,3
C10453,28,1,303.73,4,1,2,7,0
C10454,65,11,2505.2799999999997,3,5,5,13,1
C10455,8,3,764.98,5,3,3,11,0
C10456,27,18,6779.6,4,5,5,14,2
C10457,68,2,555.36,3,2,3,8,0
C10458,37,22,8847.24,4,5,5,14,2
C10459,58,6,917.67,3,4,4,11,1
C10460,17,8,1205.53,4,4,4,12,1
C10461,150,3,680.53,2,3,3,8,3
C10462,76,2,374.8,3,2,2,7,3
C10463,62,3,354.93,3,3,2,8,0
C10464,257,1,67.86,1,1,1,3,3
C10465,9,8,1559.74,5,4,4,13,1
C10466,54,6,750.88,3,4,3,10,1
C10467,132,1,409.11,2,1,2,5,3
C10468,10,13,2463.08,5,5,5,15,2
C10469,105,1,208.57999999999998,2,1,1,4,3
C10470,16,27,11473.77,5,5,5,15,2
C10471,282,1,371.58,1,1,2,4,3
C10472,11,31,14319.289999999999,5,5,5,15,2
C10473,266,1,401.92999999999995,1,1,2,4,3
C10474,33,2,358.03999999999996,4,2,2,8,0
C10475,351,1,224.39999999999998,1,1,1,3,3
C10476,24,33,13925.119999999999,4,5,5,14,2
C10477,61,2,506.84000000000003,3,2,3,8,0
C10478,276,1,311.81,1,1,2,4,3
C10479,50,3,577.69,3,3,3,9,0
C10480,135,2,395.35,2,2,2,6,3
C10481,28,3,677.48,4,3,3,10,0
C10482,22,3,813.49,4,3,3,10,0
C10483,81,2,939.89,3,2,4,9,3
C10484,90,3,524.97,2,3,3,8,3
C10485,272,1,108.36,1,1,1,3,3
C10486,4,33,11445.98,5,5,5,15,2
C10487,6,9,1405.15,5,4,4,13,2
C10488,282,1,540.54,1,1,3,5,3
C10489,295,1,38.349999999999994,1,1,1,3,3
C10490,203,2,292.83,1,2,2,5,3
C10491,40,3,624.5400000000001,4,3,3,10,0
C10492,9,11,1612.58,5,5,4,14,2
C10493,76,10,1555.58,3,4,4,11,1
C10494,41,2,614.49,4,2,3,9,0
C10495,36,9,1534.54,4,4,4,12,1
C10496,57,2,248.7,3,2,1,6,0
C10497,8,19,6357.0599999999995,5,5,5,15,2
C10498,350,1,188.23,1,1,1,3,3
C10499,293,1,143.95,1,1,1,3,3
C10500,11,3,571.54,5,3,3,11,0
C10501,3,2,583.25,5,2,3,10,0
C10502,12,7,1463.71,5,4,4,13,1
C10503,346,1,571.63,1,1,3,5,3
C10504,54,2,486.09,3,2,3,8,0
C10505,3,9,1664.02,5,4,4,13,2
C10506,184,1,124.49000000000001,1,1,1,3,3
C10507,79,1,263.85,3,1,1,5,3
C10508,97,1,72.95,2,1,1,4,3
C10509,32,2,368.5,4,2,2,8,0
C10510,76,2,468.21999999999997,3,2,2,7,3
C10511,68,2,499.44,3,2,3,8,0
C10512,319,1,184.24,1,1,1,3,3
C10513,151,1,94.58000000000001,2,1,1,4,3
C10514,19,30,12028.85,4,5,5,14,2
C10515,1,31,13057.29,5,5,5,15,2
C10516,58,6,776.48,3,4,3,10,1
C10517,355,1,201.78,1,1,1,3,3
C10518,190,1,180.32,1,1,1,3,3
C10519,10,13,2344.22,5,5,5,15,2
C10520,154,3,865.3100000000001,2,3,3,8,3
C10521,19,8,1820.44,4,4,4,12,1
C10522,138,1,495.43,2,1,3,6,3
C10523,251,1,331.11,1,1,2,4,3
C10524,207,1,448.33000000000004,1,1,2,4,3
C10525,83,3,645.6999999999999,3,3,3,9,3
C10526,24,3,565.04,4,3,3,10,0
C10527,21,9,2000.63,4,4,4,12,1
C10528,1,34,14075.65,5,5,5,15,2
C10529,12,1,267.0,5,1,1,7,0
C10530,77,1,396.33,3,1,2,6,3
C10531,211,1,364.9,1,1,2,4,3
C10532,110,1,268.4,2,1,1,4,3
C10533,207,3,604.83,1,3,3,7,3
C10534,3,3,879.02,5,3,3,11,0
C10535,306,1,307.34000000000003,1,1,2,4,3
C10536,252,1,36.519999999999996,1,1,1,3,3
C10537,43,11,1865.61,3,5,4,12,1
C10538,107,3,855.0,2,3,3,8,3
C10539,98,8,2123.27,2,4,5,11,1
C10540,175,1,189.54000000000002,1,1,1,3,3
C10541,21,3,539.75,4,3,3,10,0
C10542,13,7,1059.66,5,4,4,13,1
C10543,136,3,416.33,2,3,2,7,3
C10544,104,3,957.37,2,3,4,9,3
C10545,51,5,1223.1399999999999,3,4,4,11,1
C10546,10,6,1041.73,5,4,4,13,1
C10547,67,2,135.35000000000002,3,2,1,6,3
C10548,17,2,498.84999999999997,4,2,3,9,0
C10549,242,3,405.95,1,3,2,6,3
C10550,246,3,219.38,1,3,1,5,3
C10551,230,1,203.96,1,1,1,3,3
C10552,46,2,607.44,3,2,3,8,0
C10553,128,3,815.96,2,3,3,8,3
C10554,85,1,151.88,3,1,1,5,3
C10555,20,3,540.84,4,3,3,10,0
C10556,50,6,783.06,3,4,3,10,1
C10557,6,20,7535.83,5,5,5,15,2
C10558,173,2,30.43,1,2,1,4,3
C10559,139,2,627.6800000000001,2,2,3,7,3
C10560,174,3,975.73,1,3,4,8,3
C10561,12,11,1816.3,5,5,4,14,1
C10562,45,13,1668.05,3,5,4,12,1
C10563,57,32,12814.77,3,5,5,13,2
C10564,4,12,3831.4700000000003,5,5,5,15,2
C10565,41,2,454.71000000000004,4,2,2,8,0
C10566,22,11,2029.42,4,5,4,13,1
C10567,5,3,255.53,5,3,1,9,0
C10568,318,1,84.0,1,1,1,3,3
C10569,21,5,1491.77,4,4,4,12,1
C10570,34,2,70.4,4,2,1,7,0
C10571,178,3,317.8,1,3,2,6,3
C10572,55,10,1641.8400000000001,3,4,4,11,1
C10573,43,3,420.48,3,3,2,8,0
C10574,317,1,11.25,1,1,1,3,3
C10575,43,1,375.85,3,1,2,6,0
C10576,110,9,1349.43,2,4,4,10,1
C10577,219,1,300.09,1,1,2,4,3
C10578,149,3,541.3199999999999,2,3,3,8,3
C10579,20,11,2375.57,4,5,5,14,1
C10580,7,2,216.38000000000002,5,2,1,8,0
C10581,86,1,145.62,3,1,1,5,3
C10582,29,2,334.51,4,2,2,8,0
C10583,42,11,2152.08,3,5,5,13,1
C10584,18,3,536.63,4,3,3,10,0
C10585,70,9,1670.86,3,4,4,11,1
C10586,40,15,5136.0,4,5,5,14,1
C10587,62,7,1448.64,3,4,4,11,1
C10588,15,10,1969.6,5,4,4,13,1
C10589,24,8,1192.06,4,4,4,12,1
C10590,18,10,1670.61,4,4,4,12,1
C10591,70,3,710.0699999999999,3,3,3,9,0
C10592,12,11,2711.63,5,5,5,15,2
C10593,32,6,1804.44,4,4,4,12,1
C10594,66,1,188.29000000000002,3,1,1,5,3
C10595,18,3,259.19,4,3,1,8,0
C10596,143,2,275.78,2,2,2,6,3
C10597,2,8,1836.17,5,4,4,13,2
C10598,20,11,2276.69,4,5,5,14,1
C10599,2,31,12781.43,5,5,5,15,2
C10600,15,9,1319.9,5,4,4,13,1
C10601,5,10,2081.84,5,4,5,14,2
C10602,83,9,1155.48,3,4,4,11,1
C10603,25,5,756.35,4,4,3,11,0
C10604,22,12,2519.69,4,5,5,14,1
C10605,18,3,762.0600000000001,4,3,3,10,0
C10606,76,10,1320.3700000000001,3,4,4,11,1
C10607,29,13,3472.77,4,5,5,14,1
C10608,171,2,490.99,2,2,3,7,3
C10609,197,1,104.67999999999999,1,1,1,3,3
C10610,30,16,6372.86,4,5,5,14,2
C10611,129,2,416.88,2,2,2,6,3
C10612,193,2,251.28000000000003,1,2,1,4,3
C10613,3,10,2545.06,5,4,5,14,2
C10614,10,1,134.35000000000002,5,1,1,7,0
C10615,170,1,9.81,2,1,1,4,3
C10616,7,29,11987.31,5,5,5,15,2
C10617,54,9,2194.23,3,4,5,12,1
C10618,199,1,25.36,1,1,1,3,3
C10619,58,3,575.36,3,3,3,9,0
C10620,5,5,327.18,5,4,2,11,0
C10621,34,11,2636.19,4,5,5,14,1
C10622,109,7,1149.15,2,4,4,10,1
C10623,127,2,299.23,2,2,2,6,3
C10624,63,3,735.15,3,3,3,9,0
C10625,94,7,938.98,2,4,4,10,1
C10626,178,2,230.86,1,2,1,4,3
C10627,118,2,528.6600000000001,2,2,3,7,3
C10628,1,24,7738.91,5,5,5,15,2
C10629,21,10,2097.1,4,4,5,13,1
C10630,31,3,763.02,4,3,3,10,0
C10631,66,1,159.76,3,1,1,5,3
C10632,44,2,295.5,3,2,2,7,0
C10633,96,2,358.86,2,2,2,6,3
C10634,14,13,3597.98,5,5,5,15,2
C10635,41,2,290.32,4,2,2,8,0
C10636,191,3,656.5400000000001,1,3,3,7,3
C10637,12,5,1060.84,5,4,4,13,1
C10638,8,12,1631.65,5,5,4,14,2
C10639,38,10,1893.25,4,4,4,12,1
C10640,5,39,14819.68,5,5,5,15,2
C10641,28,13,2531.67,4,5,5,14,1
C10642,37,9,1792.45,4,4,4,12,1
C10643,42,6,1363.37,3,4,4,11,1
C10644,23,12,2434.82,4,5,5,14,1
C10645,129,1,24.04,2,1,1,4,3
C10646,102,3,730.04,2,3,3,8,3
C10647,52,2,488.17,3,2,3,8,0
C10648,270,2,490.14,1,2,3,6,3
C10649,153,2,297.13,2,2,2,6,3
C10650,85,7,1624.89,3,4,4,11,1
C10651,143,2,237.63,2,2,1,5,3
C10652,8,3,610.1,5,3,3,11,0
C10653,100,3,450.01,2,3,2,7,3
C10654,49,3,367.97,3,3,2,8,0
C10655,29,7,1932.53,4,4,4,12,1
C10656,131,9,1802.3999999999999,2,4,4,10,1
C10657,18,5,739.41,4,4,3,11,0
C10658,171,2,715.52,2,2,3,7,3
C10659,88,2,574.97,2,2,3,7,3
C10660,7,13,3024.88,5,5,5,15,2
C10661,38,1,287.61,4,1,2,7,0
C10662,98,2,203.32,2,2,1,5,3
C10663,93,11,1995.43,2,5,4,11,1
C10664,6,9,1790.92,5,4,4,13,2
C10665,40,10,2230.22,4,4,5,13,1
C10666,12,12,2078.91,5,5,5,15,2
C10667,65,7,881.7,3,4,3,10,1
C10668,28,12,1785.93,4,5,4,13,1
C10669,44,8,1719.71,3,4,4,11,1
C10670,64,6,1556.98,3,4,4,11,1
C10671,55,1,296.90999999999997,3,1,2,6,0
C10672,16,12,1539.57,5,5,4,14,1
C10673,55,2,552.0799999999999,3,2,3,8,0
C10674,222,2,527.25,1,2,3,6,3
C10675,49,1,203.68,3,1,1,5,0
C10676,20,13,2127.9,4,5,5,14,1
C10677,27,10,1863.72,4,4,4,12,1
C10678,12,1,170.28,5,1,1,7,0
C10679,185,1,13.799999999999999,1,1,1,3,3
C10680,237,1,86.6,1,1,1,3,3
C10681,14,7,1512.02,5,4,4,13,1
C10682,7,8,1665.16,5,4,4,13,1
C10683,91,3,621.4200000000001,2,3,3,8,3
C10684,354,1,513.12,1,1,3,5,3
C10685,96,3,559.8199999999999,2,3,3,8,3
C10686,50,3,322.72,3,3,2,8,0
C10687,137,6,1065.4,2,4,4,10,1
C10688,265,3,342.58,1,3,2,6,3
C10689,55,5,1142.31,3,4,4,11,1
C10690,187,6,1012.5400000000001,1,4,4,9,1
C10691,163,3,994.35,2,3,4,9,3
C10692,163,3,246.95000000000002,2,3,1,6,3
C10693,85,9,1122.06,3,4,4,11,1
C10694,4,6,1046.25,5,4,4,13,1
C10695,307,2,556.41,1,2,3,6,3
C10696,100,5,1135.83,2,4,4,10,1
C10697,130,3,644.98,2,3,3,8,3
C10698,11,12,2374.33,5,5,5,15,2
C10699,136,3,884.93,2,3,3,8,3
C10700,134,3,301.47,2,3,2,7,3
C10701,3,38,14827.119999999999,5,5,5,15,2
C10702,206,5,673.29,1,4,3,8,3
C10703,125,7,1492.75,2,4,4,10,1
C10704,3,31,11523.789999999999,5,5,5,15,2
C10705,10,1,283.14,5,1,2,8,0
C10706,71,5,1424.22,3,4,4,11,1
C10707,358,1,63.38999999999999,1,1,1,3,3
C10708,69,9,1732.06,3,4,4,11,1
C10709,7,3,786.6700000000001,5,3,3,11,0
C10710,217,2,471.22,1,2,2,5,3
C10711,118,2,559.63,2,2,3,7,3
C10712,38,3,332.68,4,3,2,9,0
C10713,58,2,246.89999999999998,3,2,1,6,0
C10714,4,13,2771.17,5,5,5,15,2
C10715,349,1,458.64,1,1,2,4,3
C10716,143,1,439.53,2,1,2,5,3
C10717,347,1,103.82000000000001,1,1,1,3,3
C10718,13,11,2215.47,5,5,5,15,1
C10719,106,2,553.25,2,2,3,7,3
C10720,344,1,226.39,1,1,1,3,3
C10721,33,7,1597.4,4,4,4,12,1
C10722,2,21,7841.74,5,5,5,15,2
C10723,30,2,70.54,4,2,1,7,0
C10724,67,3,673.95,3,3,3,9,0
C10725,134,1,81.44,2,1,1,4,3
C10726,4,5,708.4,5,4,3,12,0
C10727,132,2,710.95,2,2,3,7,3
C10728,41,10,1369.63,4,4,4,12,1
C10729,60,13,3000.53,3,5,5,13,1
C10730,14,13,2978.2200000000003,5,5,5,15,2
C10731,361,1,322.34000000000003,1,1,2,4,3
C10732,26,2,552.61,4,2,3,9,0
C10733,7,3,590.92,5,3,3,11,0
C10734,1,9,1657.32,5,4,4,13,2
C10735,17,1,182.62,4,1,1,6,0
C10736,10,10,2486.7,5,4,5,14,2
C10737,189,1,269.75,1,1,1,3,3
C10738,145,3,663.37,2,3,3,8,3
C10739,109,6,2068.65,2,4,5,11,1
C10740,21,3,584.21,4,3,3,10,0
C10741,42,12,2759.34,3,5,5,13,1
C10742,45,2,182.28,3,2,1,6,0
C10743,57,3,430.55,3,3,2,8,0
C10744,55,10,2272.96,3,4,5,12,1
C10745,202,1,215.14000000000001,1,1,1,3,3
C10746,15,13,1982.35,5,5,4,14,1
C10747,274,2,928.0300000000001,1,2,4,7,3
C10748,91,1,41.55,2,1,1,4,3
C10749,65,3,592.58,3,3,3,9,0
C10750,27,13,3140.68,4,5,5,14,1
C10751,231,1,319.58,1,1,2,4,3
C10752,9,3,704.74,5,3,3,11,0
C10753,36,12,1919.82,4,5,4,13,1
C10754,24,13,2938.54,4,5,5,14,1
C10755,151,3,575.05,2,3,3,8,3
C10756,9,3,1185.3799999999999,5,3,4,12,0
C10757,92,3,501.67,2,3,3,8,3
C10758,53,1,229.8,3,1,1,5,0
C10759,22,3,517.08,4,3,3,10,0
C10760,15,11,2509.29,5,5,5,15,1
C10761,37,5,763.47,4,4,3,11,1
C10762,61,7,1958.49,3,4,4,11,1
C10763,157,2,681.87,2,2,3,7,3
C10764,3,33,16387.98,5,5,5,15,2
C10765,15,3,510.8,5,3,3,11,0
C10766,260,2,540.9,1,2,3,6,3
C10767,154,1,158.99,2,1,1,4,3
C10768,11,10,2562.02,5,4,5,14,2
C10769,101,1,475.78000000000003,2,1,2,5,3
C10770,25,13,2912.84,4,5,5,14,1
C10771,228,1,250.7,1,1,1,3,3
C10772,70,6,1184.45,3,4,4,11,1
C10773,1,11,2588.54,5,5,5,15,2
C10774,47,2,374.48,3,2,2,7,0
C10775,20,13,2863.56,4,5,5,14,1
C10776,21,11,1942.96,4,5,4,13,1
C10777,219,2,276.14,1,2,2,5,3
C10778,325,2,239.54000000000002,1,2,1,4,3
C10779,36,3,133.59,4,3,1,8,0
C10780,51,3,1012.4,3,3,4,10,0
C10781,95,3,281.8,2,3,2,7,3
C10782,3,12,1995.6,5,5,4,14,2
C10783,20,9,1689.53,4,4,4,12,1
C10784,30,9,1602.29,4,4,4,12,1
C10785,43,1,29.729999999999997,3,1,1,5,3
C10786,233,3,1239.3600000000001,1,3,4,8,3
C10787,54,3,1011.4499999999999,3,3,4,10,0
C10788,112,2,258.23,2,2,1,5,3
C10789,249,1,295.75,1,1,2,4,3
C10790,32,8,1633.28,4,4,4,12,1
C10791,269,2,821.12,1,2,3,6,3
C10792,121,2,525.0600000000001,2,2,3,7,3
C10793,139,2,361.74,2,2,2,6,3
C10794,35,16,5925.48,4,5,5,14,1
C10795,302,1,47.129999999999995,1,1,1,3,3
C10796,333,1,57.45,1,1,1,3,3
C10797,88,2,235.71,2,2,1,5,3
C10798,177,2,286.83,1,2,2,5,3
C10799,294,1,467.92,1,1,2,4,3
C10800,243,3,695.9,1,3,3,7,3
C10801,62,5,746.46,3,4,3,10,1
C10802,159,3,803.1800000000001,2,3,3,8,3
C10803,41,3,521.88,4,3,3,10,0
C10804,151,3,1366.04,2,3,4,9,3
C10805,41,2,261.89,4,2,1,7,0
C10806,355,1,275.58,1,1,2,4,3
C10807,227,1,43.99,1,1,1,3,3
C10808,283,3,743.27,1,3,3,7,3
C10809,32,13,2910.98,4,5,5,14,1
C10810,336,1,486.6,1,1,3,5,3
C10811,347,1,160.6,1,1,1,3,3
C10812,4,8,1874.6000000000001,5,4,4,13,2
C10813,111,1,431.59999999999997,2,1,2,5,3
C10814,319,1,332.98,1,1,2,4,3
C10815,281,2,268.7,1,2,1,4,3
C10816,35,3,1029.62,4,3,4,11,0
C10817,15,5,635.21,5,4,3,12,0
C10818,3,34,14578.67,5,5,5,15,2
C10819,18,5,646.71,4,4,3,11,0
C10820,295,1,14.48,1,1,1,3,3
C10821,21,16,8672.65,4,5,5,14,2
C10822,168,5,1065.93,2,4,4,10,1
C10823,18,11,2439.44,4,5,5,14,1
C10824,60,2,330.3,3,2,2,7,0
C10825,43,1,361.62,3,1,2,6,0
C10826,20,13,2336.92,4,5,5,14,1
C10827,33,12,1759.7,4,5,4,13,1
C10828,219,2,614.41,1,2,3,6,3
C10829,2,2,98.47999999999999,5,2,1,8,0
C10830,199,6,846.56,1,4,3,8,1
C10831,116,2,169.54000000000002,2,2,1,5,3
C10832,51,9,1918.31,3,4,4,11,1
C10833,43,8,1601.49,3,4,4,11,1
C10834,204,2,106.66999999999999,1,2,1,4,3
C10835,302,2,334.88,1,2,2,5,3
C10836,24,1,193.5,4,1,1,6,0
C10837,39,9,1959.67,4,4,4,12,1
C10838,61,3,695.64,3,3,3,9,0
C10839,23,3,630.57,4,3,3,10,0
C10840,13,31,14177.01,5,5,5,15,2
C10841,42,2,292.48,3,2,2,7,0
C10842,92,5,893.51,2,4,3,9,1
C10843,262,1,313.42,1,1,2,4,3
C10844,2,12,2600.06,5,5,5,15,2
C10845,86,2,547.32,3,2,3,8,3
C10846,10,12,1994.0300000000002,5,5,4,14,2
C10847,122,1,421.9,2,1,2,5,3
C10848,128,2,676.61,2,2,3,7,3
C10849,101,3,412.12,2,3,2,7,3
C10850,36,23,9898.82,4,5,5,14,2
C10851,48,2,538.92,3,2,3,8,0
C10852,28,8,1699.1399999999999,4,4,4,12,1
C10853,33,1,407.78000000000003,4,1,2,7,0
C10854,19,12,2741.8,4,5,5,14,1
C10855,70,10,1917.14,3,4,4,11,1
C10856,1,17,8802.21,5,5,5,15,2
C10857,26,3,727.8199999999999,4,3,3,10,0
C10858,121,3,957.76,2,3,4,9,3
C10859,15,30,12474.23,5,5,5,15,2
C10860,121,3,862.57,2,3,3,8,3
C10861,27,3,1026.34,4,3,4,11,0
C10862,68,2,695.8199999999999,3,2,3,8,0
C10863,7,2,443.09,5,2,2,9,0
C10864,30,2,183.94,4,2,1,7,0
C10865,98,3,705.16,2,3,3,8,3
C10866,135,6,590.69,2,4,3,9,1
C10867,78,5,1411.76,3,4,4,11,1
C10868,298,1,442.83,1,1,2,4,3
C10869,356,1,179.24,1,1,1,3,3
C10870,48,11,1652.37,3,5,4,12,1
C10871,43,10,1936.14,3,4,4,11,1
C10872,257,3,411.65999999999997,1,3,2,6,3
C10873,156,3,473.45000000000005,2,3,2,7,3
C10874,43,19,7115.01,3,5,5,13,2
C10875,57,13,2717.1,3,5,5,13,1
C10876,29,3,608.5799999999999,4,3,3,10,0
C10877,73,2,275.44,3,2,1,6,3
C10878,16,21,8048.96,5,5,5,15,2
C10879,18,11,1841.53,4,5,4,13,1
C10880,90,8,1694.97,2,4,4,10,1
C10881,9,2,213.65,5,2,1,8,0
C10882,8,26,13288.39,5,5,5,15,2
C10883,2,9,2367.94,5,4,5,14,2
C10884,116,2,684.5,2,2,3,7,3
C10885,38,13,3010.77,4,5,5,14,1
C10886,12,2,498.72999999999996,5,2,3,10,0
C10887,30,5,800.25,4,4,3,11,1
C10888,86,7,989.49,3,4,4,11,1
C10889,31,12,2381.87,4,5,5,14,1
C10890,24,3,620.66,4,3,3,10,0
C10891,226,1,126.2,1,1,1,3,3
C10892,89,1,235.21999999999997,2,1,1,4,3
C10893,61,7,1107.82,3,4,4,11,1
C10894,181,2,437.26,1,2,2,5,3
C10895,41,11,2158.27,4,5,5,14,1
C10896,25,9,1448.14,4,4,4,12,1
C10897,134,1,172.75,2,1,1,4,3
C10898,2,37,13711.130000000001,5,5,5,15,2
C10899,2,10,2747.08,5,4,5,14,2
C10900,12,13,2176.49,5,5,5,15,2
C10901,40,21,7976.03,4,5,5,14,2
C10902,21,13,2177.43,4,5,5,14,1
C10903,159,2,21.21,2,2,1,5,3
C10904,4,3,189.95,5,3,1,9,0
C10905,115,1,329.78999999999996,2,1,2,5,3
C10906,205,1,441.35,1,1,2,4,3
C10907,79,6,1458.6599999999999,3,4,4,11,1
C10908,51,11,2011.18,3,5,4,12,1
C10909,32,6,763.6999999999999,4,4,3,11,1
C10910,78,3,657.96,3,3,3,9,0
C10911,15,10,1872.28,5,4,4,13,1
C10912,19,3,339.88,4,3,2,9,0
C10913,272,2,268.94,1,2,1,4,3
C10914,1,3,775.49,5,3,3,11,0
C10915,153,2,677.87,2,2,3,7,3
C10916,6,6,1490.84,5,4,4,13,1
C10917,246,1,270.3,1,1,1,3,3
C10918,44,2,225.64,3,2,1,6,0
C10919,41,8,2597.53,4,4,5,13,1
C10920,247,1,47.52,1,1,1,3,3
C10921,159,3,996.92,2,3,4,9,3
C10922,264,1,143.28,1,1,1,3,3
C10923,70,3,626.61,3,3,3,9,0
C10924,62,2,379.88,3,2,2,7,0
C10925,10,33,14210.15,5,5,5,15,2
C10926,17,13,2356.98,4,5,5,14,1
C10927,151,2,329.77,2,2,2,6,3
C10928,254,3,554.46,1,3,3,7,3
C10929,12,5,1152.01,5,4,4,13,1
C10930,53,12,3139.37,3,5,5,13,1
C10931,153,1,164.8,2,1,1,4,3
C10932,47,1,255.20999999999998,3,1,1,5,0
C10933,53,2,136.54000000000002,3,2,1,6,0
C10934,85,11,1888.08,3,5,4,12,1
C10935,1,7,1874.48,5,4,4,13,2
C10936,27,23,11218.43,4,5,5,14,2
C10937,182,1,130.99,1,1,1,3,3
C10938,29,6,974.43,4,4,4,12,1
C10939,35,3,430.74,4,3,2,9,0
C10940,18,12,2487.29,4,5,5,14,1
C10941,42,2,228.45,3,2,1,6,0
C10942,12,3,535.33,5,3,3,11,0
C10943,285,1,332.88,1,1,2,4,3
C10944,4,11,3092.1800000000003,5,5,5,15,2
C10945,13,34,12221.36,5,5,5,15,2
C10946,4,6,1886.54,5,4,4,13,2
C10947,166,1,48.11,2,1,1,4,3
C10948,74,1,473.21000000000004,3,1,2,6,3
C10949,91,3,936.4100000000001,2,3,4,9,3
C10950,148,3,821.5,2,3,3,8,3
C10951,94,2,429.04,2,2,2,6,3
C10952,22,11,1768.19,4,5,4,13,1
C10953,210,1,469.72999999999996,1,1,2,4,3
C10954,138,2,340.35,2,2,2,6,3
C10955,40,7,1801.05,4,4,4,12,1
C10956,55,3,435.81,3,3,2,8,0
C10957,10,18,8780.48,5,5,5,15,2
C10958,8,8,1521.46,5,4,4,13,1
C10959,5,3,569.95,5,3,3,11,0
C10960,25,10,1830.27,4,4,4,12,1
C10961,90,2,358.79999999999995,2,2,2,6,3
C10962,6,7,1636.72,5,4,4,13,1
C10963,14,5,898.4300000000001,5,4,3,12,0
C10964,63,8,1252.88,3,4,4,11,1
C10965,48,11,2367.7,3,5,5,13,1
C10966,6,3,498.79,5,3,3,11,0
C10967,7,11,2380.02,5,5,5,15,2
C10968,91,3,607.0,2,3,3,8,3
C10969,184,2,344.7,1,2,2,5,3
C10970,261,3,229.47,1,3,1,5,3
C10971,279,1,279.67,1,1,2,4,3
C10972,82,3,975.5799999999999,3,3,4,10,0
C10973,5,6,1553.22,5,4,4,13,1
C10974,5,21,8855.2,5,5,5,15,2
C10975,76,10,1553.94,3,4,4,11,1
C10976,40,3,808.4,4,3,3,10,0
C10977,53,25,9348.99,3,5,5,13,2
C10978,149,3,299.31,2,3,2,7,3
C10979,34,3,458.99,4,3,2,9,0
C10980,168,6,1323.1699999999998,2,4,4,10,1
C10981,98,3,928.35,2,3,4,9,3
C10982,40,9,2133.88,4,4,5,13,1
C10983,5,36,18259.98,5,5,5,15,2
C10984,168,3,721.29,2,3,3,8,3
C10985,84,3,335.52,3,3,2,8,3
C10986,28,3,1395.6200000000001,4,3,4,11,0
C10987,129,3,509.22999999999996,2,3,3,8,3
C10988,2,11,1927.98,5,5,4,14,2
C10989,348,1,104.96,1,1,1,3,3
C10990,20,2,383.83,4,2,2,8,0
C10991,116,3,629.84,2,3,3,8,3
C10992,55,12,2691.34,3,5,5,13,1
C10993,111,2,333.06,2,2,2,6,3
C10994,31,13,2727.65,4,5,5,14,1
C10995,21,11,2235.14,4,5,5,14,1
C10996,254,1,14.42,1,1,1,3,3
C10997,45,8,1234.65,3,4,4,11,1
C10998,332,1,309.95000000000005,1,1,2,4,3
C10999,69,3,785.13,3,3,3,9,0
C11000,8,6,1197.34,5,4,4,13,1
C11001,45,2,654.04,3,2,3,8,0
C11002,227,1,304.96,1,1,2,4,3
C11003,80,2,734.67,3,2,3,8,3
C11004,50,1,329.78,3,1,2,6,0
C11005,199,2,472.49,1,2,2,5,3
C11006,155,2,464.48,2,2,2,6,3
C11007,45,1,215.93,3,1,1,5,0
C11008,31,10,1595.09,4,4,4,12,1
C11009,53,3,659.01,3,3,3,9,0
C11010,14,7,1590.61,5,4,4,13,1
C11011,50,1,239.9,3,1,1,5,0
C11012,321,1,147.32,1,1,1,3,3
C11013,16,32,12234.39,5,5,5,15,2
C11014,97,3,627.6700000000001,2,3,3,8,3
C11015,322,1,90.88,1,1,1,3,3
C11016,59,13,2898.73,3,5,5,13,1
C11017,116,3,809.68,2,3,3,8,3
C11018,97,1,246.89,2,1,1,4,3
C11019,13,16,6303.42,5,5,5,15,2
C11020,185,3,836.92,1,3,3,7,3
C11021,6,11,1874.1599999999999,5,5,4,14,2
C11022,357,1,104.88,1,1,1,3,3
C11023,103,1,68.16,2,1,1,4,3
C11024,12,1,281.55,5,1,2,8,0
C11025,5,2,472.62,5,2,2,9,0
C11026,201,1,38.67,1,1,1,3,3
C11027,97,1,292.61,2,1,2,5,3
C11028,64,5,1276.74,3,4,4,11,1
C11029,181,1,244.74,1,1,1,3,3
C11030,7,27,10571.91,5,5,5,15,2
C11031,7,3,714.54,5,3,3,11,0
C11032,18,11,2483.94,4,5,5,14,1
C11033,29,11,1787.54,4,5,4,13,1
C11034,45,26,12020.06,3,5,5,13,2
C11035,100,3,716.5799999999999,2,3,3,8,3
C11036,21,13,2759.46,4,5,5,14,1
C11037,74,2,830.97,3,2,3,8,0
C11038,2,22,9452.38,5,5,5,15,2
C11039,6,11,2001.01,5,5,4,14,2
C11040,141,2,609.6,2,2,3,7,3
C11041,168,2,321.12,2,2,2,6,3
C11042,39,11,2536.12,4,5,5,14,1
C11043,33,3,366.93,4,3,2,9,0
C11044,167,1,321.64,2,1,2,5,3
C11045,24,3,513.67,4,3,3,10,0
C11046,60,6,1316.26,3,4,4,11,1
C11047,2,20,7529.07,5,5,5,15,2
C11048,10,1,146.01999999999998,5,1,1,7,0
C11049,16,38,11891.35,5,5,5,15,2
C11050,85,1,141.32,3,1,1,5,3
C11051,210,3,440.7,1,3,2,6,3
C11052,75,1,407.63,3,1,2,6,3
C11053,29,3,619.65,4,3,3,10,0
C11054,53,1,140.71,3,1,1,5,3
C11055,14,13,2530.26,5,5,5,15,2
C11056,24,3,630.6800000000001,4,3,3,10,0
C11057,131,2,377.84000000000003,2,2,2,6,3
C11058,128,3,594.7,2,3,3,8,3
C11059,131,2,352.77,2,2,2,6,3
C11060,15,1,12.72,5,1,1,7,0
C11061,329,1,274.34,1,1,1,3,3
C11062,3,2,238.72,5,2,1,8,0
C11063,11,2,569.1,5,2,3,10,0
C11064,152,2,484.64,2,2,3,7,3
C11065,12,3,315.98,5,3,2,10,0
C11066,4,9,1908.15,5,4,4,13,2
C11067,34,5,665.1,4,4,3,11,0
C11068,1,8,2210.21,5,4,5,14,2
C11069,41,11,2209.9,4,5,5,14,1
C11070,14,13,3015.23,5,5,5,15,2
C11071,18,12,2727.96,4,5,5,14,1
C11072,7,23,9158.91,5,5,5,15,2
C11073,26,18,7539.39,4,5,5,14,2
C11074,103,1,283.56,2,1,2,5,3
C11075,22,2,552.21,4,2,3,9,0
C11076,8,9,2227.16,5,4,5,14,2
C11077,66,3,818.01,3,3,3,9,0
C11078,22,13,2415.2,4,5,5,14,1
C11079,291,1,25.62,1,1,1,3,3
C11080,218,3,409.61,1,3,2,6,3
C11081,2,9,1786.98,5,4,4,13,2
C11082,149,2,318.85,2,2,2,6,3
C11083,155,1,127.92999999999999,2,1,1,4,3
C11084,14,1,186.6,5,1,1,7,0
C11085,147,2,517.04,2,2,3,7,3
C11086,127,3,461.54999999999995,2,3,2,7,3
C11087,14,8,1514.02,5,4,4,13,1
C11088,64,1,310.32,3,1,2,6,3
C11089,100,6,634.72,2,4,3,9,1
C11090,169,1,130.5,2,1,1,4,3
C11091,177,3,556.14,1,3,3,7,3
C11092,287,3,647.16,1,3,3,7,3
C11093,158,2,300.21999999999997,2,2,2,6,3
C11094,25,8,1653.69,4,4,4,12,1
C11095,3,5,1607.65,5,4,4,13,2
C11096,32,7,1535.1599999999999,4,4,4,12,1
C11097,59,5,1557.32,3,4,4,11,1
C11098,119,3,545.23,2,3,3,8,3
C11099,49,6,1672.6,3,4,4,11,1
C11100,20,19,9261.7,4,5,5,14,2
C11101,49,1,149.28,3,1,1,5,0
C11102,59,1,199.06,3,1,1,5,3
C11103,356,1,360.83000000000004,1,1,2,4,3
C11104,357,1,474.58000000000004,1,1,2,4,3
C11105,133,13,2937.4,2,5,5,12,1
C11106,43,5,1045.75,3,4,4,11,1
C11107,66,3,841.37,3,3,3,9,0
C11108,161,2,403.91,2,2,2,6,3
C11109,34,5,755.63,4,4,3,11,1
C11110,341,1,207.88,1,1,1,3,3
C11111,51,5,1399.44,3,4,4,11,1
C11112,105,5,1061.37,2,4,4,10,1
C11113,73,3,493.39,3,3,3,9,0
C11114,59,2,264.69,3,2,1,6,0
C11115,131,3,991.42,2,3,4,9,3
C11116,12,5,1200.47,5,4,4,13,1
C11117,203,1,292.22,1,1,2,4,3
C11118,18,12,1656.78,4,5,4,13,1
C11119,9,13,2657.78,5,5,5,15,2
C11120,104,1,21.9,2,1,1,4,3
C11121,335,1,200.2,1,1,1,3,3
C11122,227,1,501.29,1,1,3,5,3
C11124,180,3,1077.77,1,3,4,8,3
C11125,160,3,579.14,2,3,3,8,3
C11126,7,13,2870.57,5,5,5,15,2
C11127,93,3,544.81,2,3,3,8,3
C11128,29,6,1194.08,4,4,4,12,1
C11129,60,6,1418.55,3,4,4,11,1
C11130,36,3,270.79,4,3,1,8,0
C11131,205,2,167.72,1,2,1,4,3
C11132,48,9,1745.92,3,4,4,11,1
C11133,130,5,1571.49,2,4,4,10,1
C11134,21,3,816.2099999999999,4,3,3,10,0
C11135,5,25,8672.460000000001,5,5,5,15,2
C11136,307,1,437.95,1,1,2,4,3
C11137,97,2,169.57,2,2,1,5,3
C11138,69,3,486.67,3,3,3,9,0
C11139,181,3,1005.01,1,3,4,8,3
C11140,281,1,57.589999999999996,1,1,1,3,3
C11141,3,13,3012.2799999999997,5,5,5,15,2
C11142,15,3,795.96,5,3,3,11,0
C11143,230,3,1053.8799999999999,1,3,4,8,3
C11144,9,11,2478.09,5,5,5,15,2
C11145,192,1,200.19,1,1,1,3,3
C11146,29,2,321.84,4,2,2,8,0
C11147,34,3,896.2199999999999,4,3,3,10,0
C11148,181,1,187.32999999999998,1,1,1,3,3
C11149,70,1,359.78,3,1,2,6,3
C11150,261,3,557.22,1,3,3,7,3
C11151,160,1,338.14,2,1,2,5,3
C11152,153,3,438.91,2,3,2,7,3
C11153,3,2,676.71,5,2,3,10,0
C11154,151,2,679.4699999999999,2,2,3,7,3
C11155,57,3,763.69,3,3,3,9,0
C11156,23,11,2141.46,4,5,5,14,1
C11157,287,1,357.46000000000004,1,1,2,4,3
C11158,335,1,185.45000000000002,1,1,1,3,3
C11159,4,22,9576.43,5,5,5,15,2
C11160,169,1,16.56,2,1,1,4,3
C11161,55,9,2191.82,3,4,5,12,1
C11162,3,10,1670.97,5,4,4,13,2
C11163,60,2,422.79,3,2,2,7,0
C11164,74,12,2199.44,3,5,5,13,1
C11166,177,1,124.78,1,1,1,3,3
C11167,146,3,632.69,2,3,3,8,3
C11168,62,16,5074.09,3,5,5,13,1
C11169,25,12,2056.53,4,5,5,14,1
C11170,60,3,303.39,3,3,2,8,0
C11171,362,1,125.68,1,1,1,3,3
C11172,157,2,719.85,2,2,3,7,3
C11173,14,13,2259.16,5,5,5,15,2
C11174,159,3,489.0,2,3,3,8,3
C11175,153,2,452.79,2,2,2,6,3
C11176,75,2,257.28000000000003,3,2,1,6,3
C11177,40,6,1423.18,4,4,4,12,1
C11178,134,3,806.0400000000001,2,3,3,8,3
C11179,153,3,354.48,2,3,2,7,3
C11180,14,1,211.69,5,1,1,7,0
C11181,11,8,1579.24,5,4,4,13,1
C11182,200,2,567.13,1,2,3,6,3
C11183,195,1,48.18,1,1,1,3,3
C11184,25,11,2141.38,4,5,5,14,1
C11185,107,1,42.79,2,1,1,4,3
C11186,85,2,563.26,3,2,3,8,3
C11187,2,24,8369.38,5,5,5,15,2
C11188,2,13,2915.76,5,5,5,15,2
C11189,105,2,193.87,2,2,1,5,3
C11190,33,15,9428.48,4,5,5,14,2
C11191,144,3,1186.46,2,3,4,9,3
C11192,9,9,1967.3899999999999,5,4,4,13,1
C11193,350,2,213.04,1,2,1,4,3
C11194,5,38,17015.19,5,5,5,15,2
C11195,32,1,262.75,4,1,1,6,0
C11196,309,1,280.48,1,1,2,4,3
C11197,211,1,67.39,1,1,1,3,3
C11198,52,3,715.65,3,3,3,9,0
C11199,39,9,1714.67,4,4,4,12,1
C11200,67,2,392.29,3,2,2,7,3
C11201,16,21,7076.02,5,5,5,15,2
C11202,15,32,11816.38,5,5,5,15,2
C11203,83,5,551.09,3,4,3,10,1
C11204,250,2,581.08,1,2,3,6,3
C11205,110,2,659.6,2,2,3,7,3
C11206,86,2,403.8,3,2,2,7,3
C11207,21,3,796.46,4,3,3,10,0
C11208,21,12,2037.99,4,5,4,13,1
C11209,360,1,263.86,1,1,1,3,3
C11210,72,2,168.2,3,2,1,6,3
C11211,104,3,465.92999999999995,2,3,2,7,3
C11212,15,7,682.84,5,4,3,12,1
C11213,3,2,117.55,5,2,1,8,0
C11214,28,3,434.25,4,3,2,9,0
C11215,66,9,2545.5299999999997,3,4,5,12,1
C11216,56,13,2216.55,3,5,5,13,1
C11217,153,3,1126.41,2,3,4,9,3
C11218,125,2,88.07,2,2,1,5,3
C11219,12,12,2692.52,5,5,5,15,2
C11220,139,1,160.73999999999998,2,1,1,4,3
C11221,93,7,1074.19,2,4,4,10,1
C11222,168,2,382.68,2,2,2,6,3
C11223,81,1,87.66999999999999,3,1,1,5,3
C11224,47,3,575.29,3,3,3,9,0
C11225,53,3,1121.72,3,3,4,10,0
C11226,14,11,2154.61,5,5,5,15,1
C11227,58,10,1228.76,3,4,4,11,1
C11228,2,1,362.09999999999997,5,1,2,8,0
C11229,69,3,418.96000000000004,3,3,2,8,0
C11230,200,1,32.769999999999996,1,1,1,3,3
C11231,17,11,2421.05,4,5,5,14,1
C11232,45,9,1922.12,3,4,4,11,1
C11233,2,26,8906.449999999999,5,5,5,15,2
C11234,72,3,444.65999999999997,3,3,2,8,0
C11235,13,9,1957.37,5,4,4,13,1
C11236,324,1,159.77999999999997,1,1,1,3,3
C11237,256,2,81.56,1,2,1,4,3
C11238,230,1,35.13,1,1,1,3,3
C11239,4,12,2245.62,5,5,5,15,2
C11240,285,1,144.95999999999998,1,1,1,3,3
C11241,253,2,562.97,1,2,3,6,3
C11242,15,2,346.52,5,2,2,9,0
C11243,209,1,198.72,1,1,1,3,3
C11244,204,2,225.83,1,2,1,4,3
C11245,153,3,515.88,2,3,3,8,3
C11246,56,8,1907.73,3,4,4,11,1
C11247,1,34,16897.98,5,5,5,15,2
C11248,196,1,349.96000000000004,1,1,2,4,3
C11249,87,2,255.38,3,2,1,6,3
C11250,243,1,206.99,1,1,1,3,3
C11251,119,3,481.97,2,3,2,7,3
C11252,102,6,1000.4,2,4,4,10,1
C11253,46,6,1386.6,3,4,4,11,1
C11254,71,3,222.37,3,3,1,7,3
C11255,126,2,527.09,2,2,3,7,3
C11256,50,9,1886.71,3,4,4,11,1
C11257,49,2,725.52,3,2,3,8,0
C11258,1,32,11268.78,5,5,5,15,2
C11259,248,2,221.98000000000002,1,2,1,4,3
C11260,92,7,1230.32,2,4,4,10,1
C11261,214,3,417.38,1,3,2,6,3
C11262,3,10,1954.93,5,4,4,13,2
C11263,29,3,558.47,4,3,3,10,0
C11264,18,27,9236.91,4,5,5,14,2
C11265,20,18,7307.9,4,5,5,14,2
C11266,62,8,2091.0099999999998,3,4,5,12,1
C11267,165,2,548.02,2,2,3,7,3
C11268,170,2,279.5,2,2,2,6,3
C11269,55,11,2173.27,3,5,5,13,1
C11270,99,3,435.15,2,3,2,7,3
C11271,199,1,241.36999999999998,1,1,1,3,3
C11272,189,2,242.06,1,2,1,4,3
C11273,10,15,6009.75,5,5,5,15,2
C11274,21,2,455.04,4,2,2,8,0
C11275,103,10,1627.1499999999999,2,4,4,10,1
C11276,53,7,1295.87,3,4,4,11,1
C11277,27,1,143.05,4,1,1,6,0
C11278,40,6,1036.75,4,4,4,12,1
C11279,214,2,307.85,1,2,2,5,3
C11280,258,3,399.57,1,3,2,6,3
C11281,28,2,180.32,4,2,1,7,0
C11282,233,2,740.29,1,2,3,6,3
C11283,45,33,18008.72,3,5,5,13,2
C11284,26,6,1685.22,4,4,4,12,1
C11285,159,3,913.5899999999999,2,3,4,9,3
C11286,3,13,2982.84,5,5,5,15,2
C11287,5,13,2223.84,5,5,5,15,2
C11288,6,35,12741.46,5,5,5,15,2
C11289,5,19,8320.38,5,5,5,15,2
C11290,27,7,2082.66,4,4,5,13,1
C11291,31,8,1295.03,4,4,4,12,1
C11292,229,2,447.9,1,2,2,5,3
C11293,7,2,287.53,5,2,2,9,0
C11294,109,1,310.15,2,1,2,5,3
C11295,108,7,1599.01,2,4,4,10,1
C11296,15,6,1048.69,5,4,4,13,1
C11297,44,11,2450.03,3,5,5,13,1
C11298,4,3,637.46,5,3,3,11,0
C11299,154,2,289.47,2,2,2,6,3
C11300,9,32,10800.38,5,5,5,15,2
C11301,225,1,139.64,1,1,1,3,3
C11302,8,16,7509.110000000001,5,5,5,15,2
C11303,84,2,337.18,3,2,2,7,3
C11304,108,3,286.39,2,3,2,7,3
C11305,352,1,80.48,1,1,1,3,3
C11306,58,3,813.85,3,3,3,9,0
C11307,287,1,173.54,1,1,1,3,3
C11308,16,10,2329.23,5,4,5,14,1
C11309,229,1,245.1,1,1,1,3,3
C11310,26,5,1113.63,4,4,4,12,1
C11311,89,1,179.32999999999998,2,1,1,4,3
C11312,37,3,787.66,4,3,3,10,0
C11313,25,1,139.89,4,1,1,6,0
C11314,5,2,309.94,5,2,2,9,0
C11315,34,2,544.44,4,2,3,9,0
C11316,10,2,601.44,5,2,3,10,0
C11317,11,3,755.88,5,3,3,11,0
C11318,30,8,1952.95,4,4,4,12,1
C11319,1,36,14056.59,5,5,5,15,2
C11320,46,12,2260.12,3,5,5,13,1
C11321,29,9,1501.35,4,4,4,12,1
C11322,164,1,229.77,2,1,1,4,3
C11323,85,10,2405.01,3,4,5,12,1
C11324,113,1,109.05,2,1,1,4,3
C11325,32,6,793.83,4,4,3,11,1
C11326,7,13,2528.83,5,5,5,15,2
C11327,215,3,1003.4,1,3,4,8,3
C11328,270,2,807.29,1,2,3,6,3
C11329,54,2,462.36,3,2,2,7,0
C11330,252,2,421.65,1,2,2,5,3
C11331,77,2,172.61,3,2,1,6,3
C11332,4,9,1481.97,5,4,4,13,2
C11333,131,1,49.629999999999995,2,1,1,4,3
C11334,216,1,165.78,1,1,1,3,3
C11335,20,3,350.52,4,3,2,9,0
C11336,7,6,727.88,5,4,3,12,0
C11337,74,3,752.27,3,3,3,9,0
C11338,36,34,11437.93,4,5,5,14,2
C11339,5,35,14612.43,5,5,5,15,2
C11340,12,8,1422.07,5,4,4,13,1
C11341,132,3,1116.09,2,3,4,9,3
C11342,271,1,259.44,1,1,1,3,3
C11343,96,3,438.43999999999994,2,3,2,7,3
C11344,16,2,400.01,5,2,2,9,0
C11345,212,2,261.6,1,2,1,4,3
C11346,27,5,912.11,4,4,4,12,1
C11347,22,11,1987.23,4,5,4,13,1
C11348,60,1,351.7,3,1,2,6,3
C11349,17,23,10653.5,4,5,5,14,2
C11350,286,1,46.589999999999996,1,1,1,3,3
C11351,21,3,1182.71,4,3,4,11,0
C11352,22,2,278.37,4,2,2,8,0
C11353,230,2,353.87,1,2,2,5,3
C11354,301,2,379.56,1,2,2,5,3
C11355,227,1,209.39,1,1,1,3,3
C11356,231,1,156.89000000000001,1,1,1,3,3
C11357,136,3,468.33000000000004,2,3,2,7,3
C11358,24,13,2999.76,4,5,5,14,1
C11359,47,3,394.84,3,3,2,8,0
C11360,147,1,283.41,2,1,2,5,3
C11361,5,12,2121.81,5,5,5,15,2
C11362,365,2,289.5,1,2,2,5,3
C11363,6,3,490.37,5,3,3,11,0
C11364,166,2,98.53,2,2,1,5,3
C11365,20,8,2197.91,4,4,5,13,1
C11366,31,2,385.73,4,2,2,8,0
C11367,103,1,288.27,2,1,2,5,3
C11368,28,9,1700.29,4,4,4,12,1
C11369,60,5,1152.19,3,4,4,11,1
C11370,331,1,55.25,1,1,1,3,3
C11371,87,8,1364.06,3,4,4,11,1
C11372,51,1,169.97000000000003,3,1,1,5,3
C11373,114,3,868.05,2,3,3,8,3
C11374,33,9,1761.7,4,4,4,12,1
C11375,183,1,34.519999999999996,1,1,1,3,3
C11376,195,2,450.75,1,2,2,5,3
C11377,68,3,605.87,3,3,3,9,0
C11378,13,7,1588.3600000000001,5,4,4,13,1
C11379,72,3,396.05,3,3,2,8,3
C11380,43,10,2478.2400000000002,3,4,5,12,1
C11381,10,8,1904.8600000000001,5,4,4,13,1
C11382,280,1,80.55,1,1,1,3,3
C11383,27,9,2024.77,4,4,4,12,1
C11384,70,2,831.33,3,2,3,8,0
C11385,36,12,2264.99,4,5,5,14,1
C11386,85,2,360.40999999999997,3,2,2,7,3
C11387,64,7,1415.96,3,4,4,11,1
C11388,249,1,387.24,1,1,2,4,3
C11389,212,2,618.42,1,2,3,6,3
C11390,2,10,1639.24,5,4,4,13,2
C11391,5,32,12683.95,5,5,5,15,2
C11392,5,13,2751.02,5,5,5,15,2
C11393,252,2,736.16,1,2,3,6,3
C11394,21,13,1798.6200000000001,4,5,4,13,1
C11395,315,1,67.08,1,1,1,3,3
C11396,68,2,302.85,3,2,2,7,3
C11397,16,10,2188.16,5,4,5,14,1
C11398,152,2,838.47,2,2,3,7,3
C11399,285,2,849.78,1,2,3,6,3
C11400,34,12,2498.17,4,5,5,14,1
C11401,11,6,1509.7,5,4,4,13,1
C11402,2,19,6058.25,5,5,5,15,2
C11403,122,2,680.66,2,2,3,7,3
C11404,128,3,285.47,2,3,2,7,3
C11405,200,2,82.29,1,2,1,4,3
C11406,88,1,230.66,2,1,1,4,3
C11407,101,1,282.59000000000003,2,1,2,5,3
C11408,64,2,431.14000000000004,3,2,2,7,0
C11409,184,1,340.75,1,1,2,4,3
C11410,11,7,1527.06,5,4,4,13,1
C11411,141,8,1613.59,2,4,4,10,1
C11412,32,8,1298.47,4,4,4,12,1
C11413,17,24,8386.28,4,5,5,14,2
C11414,71,3,207.93,3,3,1,7,3
C11415,251,1,189.98,1,1,1,3,3
C11416,21,24,10293.43,4,5,5,14,2
C11417,152,5,1282.76,2,4,4,10,1
C11418,131,2,378.78999999999996,2,2,2,6,3
C11419,331,1,80.14999999999999,1,1,1,3,3
C11420,40,7,1661.02,4,4,4,12,1
C11421,114,3,676.91,2,3,3,8,3
C11422,4,29,11592.38,5,5,5,15,2
C11423,48,8,1428.4,3,4,4,11,1
C11424,44,1,318.4,3,1,2,6,0
C11425,262,1,198.85999999999999,1,1,1,3,3
C11426,37,22,12859.67,4,5,5,14,2
C11427,360,1,371.95,1,1,2,4,3
C11428,60,3,605.17,3,3,3,9,0
C11429,59,1,290.94,3,1,2,6,3
C11430,246,2,251.9,1,2,1,4,3
C11431,142,3,241.79999999999998,2,3,1,6,3
C11432,2,3,658.78,5,3,3,11,0
C11433,206,2,585.09,1,2,3,6,3
C11434,25,13,2287.1,4,5,5,14,1
C11435,16,34,16397.67,5,5,5,15,2
C11436,84,7,1581.66,3,4,4,11,1
C11437,28,2,512.8,4,2,3,9,0
C11438,54,7,1422.45,3,4,4,11,1
C11439,180,3,707.17,1,3,3,7,3
C11440,5,1,398.28,5,1,2,8,0
C11441,65,11,2220.92,3,5,5,13,1
C11442,207,3,603.0699999999999,1,3,3,7,3
C11443,11,2,383.03,5,2,2,9,0
C11444,2,1,309.04,5,1,2,8,0
C11445,22,13,2230.43,4,5,5,14,1
C11446,60,3,570.48,3,3,3,9,0
C11447,122,1,211.93,2,1,1,4,3
C11448,177,1,145.4,1,1,1,3,3
C11449,186,2,665.9499999999999,1,2,3,6,3
C11450,59,2,687.1899999999999,3,2,3,8,0
C11451,165,2,164.44,2,2,1,5,3
C11452,171,1,70.64,2,1,1,4,3
C11453,143,2,292.33,2,2,2,6,3
C11454,19,15,5819.26,4,5,5,14,2
C11455,230,1,223.54,1,1,1,3,3
C11456,170,2,107.63999999999999,2,2,1,5,3
C11457,158,2,914.2,2,2,4,8,3
C11458,44,7,1166.57,3,4,4,11,1
C11459,25,3,430.13,4,3,2,9,0
C11460,42,11,2166.54,3,5,5,13,1
C11461,20,3,956.27,4,3,4,11,0
C11462,28,9,2191.7400000000002,4,4,5,13,1
C11463,212,2,182.73,1,2,1,4,3
C11464,27,1,444.19,4,1,2,7,0
C11465,2,16,6659.25,5,5,5,15,2
C11466,272,1,338.42,1,1,2,4,3
C11467,176,2,301.3,1,2,2,5,3
C11468,264,1,3.66,1,1,1,3,3
C11469,113,2,5.62,2,2,1,5,3
C11470,38,3,238.87,4,3,1,8,0
C11471,148,3,304.86,2,3,2,7,3
C11472,313,1,26.759999999999998,1,1,1,3,3
C11473,23,3,663.28,4,3,3,10,0
C11474,6,9,1715.52,5,4,4,13,2
C11475,162,2,504.34,2,2,3,7,3
C11476,126,1,395.46000000000004,2,1,2,5,3
C11477,186,2,188.3,1,2,1,4,3
C11478,1,3,326.28999999999996,5,3,2,10,0
C11479,206,2,222.09,1,2,1,4,3
C11480,68,1,109.89999999999999,3,1,1,5,3
C11481,7,12,2570.13,5,5,5,15,2
C11482,258,2,400.40000000000003,1,2,2,5,3
C11483,27,39,14122.03,4,5,5,14,2
C11484,31,10,1713.58,4,4,4,12,1
C11485,34,6,1187.09,4,4,4,12,1
C11486,21,11,2195.77,4,5,5,14,1
C11487,26,2,100.99,4,2,1,7,0
C11488,89,5,1635.05,2,4,4,10,1
C11489,154,3,779.47,2,3,3,8,3
C11490,7,10,2604.44,5,4,5,14,2
C11491,4,13,1890.1200000000001,5,5,4,14,2
C11492,4,11,2035.17,5,5,4,14,2
C11493,1,34,13885.67,5,5,5,15,2
C11494,168,2,846.8000000000001,2,2,3,7,3
C11495,169,2,230.22000000000003,2,2,1,5,3
C11496,120,2,443.91,2,2,2,6,3
C11497,29,3,833.29,4,3,3,10,0
C11498,3,13,1997.93,5,5,4,14,2
C11499,52,1,168.66,3,1,1,5,3
C11500,99,2,602.93,2,2,3,7,3
C11501,39,2,544.13,4,2,3,9,0
C11502,2,15,4683.57,5,5,5,15,2
C11503,11,12,2942.86,5,5,5,15,2
C11504,5,11,2248.07,5,5,5,15,2
C11505,81,7,857.68,3,4,3,10,1
C11506,121,2,443.69,2,2,2,6,3
C11507,96,3,595.8,2,3,3,8,3
C11508,44,3,373.88,3,3,2,8,0
C11509,31,3,714.39,4,3,3,10,0
C11510,266,1,87.99000000000001,1,1,1,3,3
C11511,73,2,429.6,3,2,2,7,3
C11512,284,1,389.03,1,1,2,4,3
C11513,4,36,15086.58,5,5,5,15,2
C11514,19,13,2699.7,4,5,5,14,1
C11515,29,25,9244.47,4,5,5,14,2
C11516,43,3,508.92,3,3,3,9,0
C11517,52,1,26.9,3,1,1,5,3
C11518,78,5,1161.62,3,4,4,11,1
C11519,256,1,384.3,1,1,2,4,3
C11520,3,17,7237.63,5,5,5,15,2
C11521,315,1,437.02000000000004,1,1,2,4,3
C11522,112,5,1180.25,2,4,4,10,1
C11523,7,12,2564.25,5,5,5,15,2
C11524,125,3,615.54,2,3,3,8,3
C11525,57,6,1432.61,3,4,4,11,1
C11526,3,12,2311.49,5,5,5,15,2
C11527,141,5,922.33,2,4,4,10,1
C11528,12,1,37.03,5,1,1,7,0
C11529,118,2,91.53,2,2,1,5,3
C11530,103,10,1824.23,2,4,4,10,1
C11531,14,3,433.48,5,3,2,10,0
C11532,11,3,313.96,5,3,2,10,0
C11533,9,13,1735.93,5,5,4,14,2
C11534,24,2,151.29,4,2,1,7,0
C11535,29,9,2047.02,4,4,4,12,1
C11536,25,9,1459.35,4,4,4,12,1
C11537,100,3,630.41,2,3,3,8,3
C11538,12,12,2553.77,5,5,5,15,2
C11539,84,2,354.83,3,2,2,7,3
C11540,79,2,470.27,3,2,2,7,3
C11541,13,7,1387.63,5,4,4,13,1
C11542,1,2,659.23,5,2,3,10,0
C11543,8,6,1272.09,5,4,4,13,1
C11544,259,1,363.9,1,1,2,4,3
C11545,138,2,308.82000000000005,2,2,2,6,3
C11546,193,1,235.59,1,1,1,3,3
C11547,13,2,283.56,5,2,2,9,0
C11548,4,26,11034.93,5,5,5,15,2
C11549,58,2,274.33,3,2,1,6,0
C11550,151,1,67.47,2,1,1,4,3
C11551,199,2,136.65,1,2,1,4,3
C11552,27,1,130.33,4,1,1,6,0
C11553,36,1,370.15,4,1,2,7,0
C11554,10,11,2176.77,5,5,5,15,2
C11555,2,8,1625.04,5,4,4,13,2
C11556,56,2,334.69,3,2,2,7,0
C11557,81,2,245.32999999999998,3,2,1,6,3
C11558,182,1,135.05,1,1,1,3,3
C11559,106,1,62.55,2,1,1,4,3
C11560,11,11,1639.51,5,5,4,14,1
C11561,129,5,1021.97,2,4,4,10,1
C11562,82,3,476.85,3,3,2,8,3
C11563,3,5,1194.81,5,4,4,13,0
C11564,210,1,413.13,1,1,2,4,3
C11565,203,3,406.37,1,3,2,6,3
C11566,88,3,345.93,2,3,2,7,3
C11567,24,11,2786.32,4,5,5,14,1
C11568,119,2,714.32,2,2,3,7,3
C11569,59,3,880.5200000000001,3,3,3,9,0
C11570,265,3,859.16,1,3,3,7,3
C11571,1,13,3018.86,5,5,5,15,2
C11572,187,2,540.01,1,2,3,6,3
C11573,248,1,293.91,1,1,2,4,3
C11574,26,10,1671.21,4,4,4,12,1
C11575,91,5,1047.48,2,4,4,10,1
C11576,16,39,12175.21,5,5,5,15,2
C11577,172,2,566.26,2,2,3,7,3
C11578,34,2,642.8199999999999,4,2,3,9,0
C11579,197,3,735.45,1,3,3,7,3
C11580,41,13,1710.51,4,5,4,13,1
C11581,66,12,2231.64,3,5,5,13,1
C11582,41,2,166.45,4,2,1,7,0
C11583,108,3,924.06,2,3,4,9,3
C11584,264,1,141.9,1,1,1,3,3
C11585,85,9,1690.05,3,4,4,11,1
C11586,225,2,467.01,1,2,2,5,3
C11587,29,2,438.38,4,2,2,8,0
C11588,169,2,590.74,2,2,3,7,3
C11589,266,2,389.93,1,2,2,5,3
C11590,237,2,277.81,1,2,2,5,3
C11591,159,1,275.0,2,1,1,4,3
C11592,65,5,1024.82,3,4,4,11,1
C11593,90,6,1126.29,2,4,4,10,1
C11594,67,2,352.7,3,2,2,7,3
C11595,261,3,649.24,1,3,3,7,3
C11596,31,10,1868.2,4,4,4,12,1
C11597,36,27,12030.91,4,5,5,14,2
C11598,5,7,1206.59,5,4,4,13,1
C11599,105,1,70.62,2,1,1,4,3
C11600,14,12,2305.92,5,5,5,15,1
C11601,25,9,1646.74,4,4,4,12,1
C11602,40,7,752.81,4,4,3,11,1
C11603,9,11,2346.97,5,5,5,15,2
C11604,33,21,10276.38,4,5,5,14,2
C11605,156,3,614.36,2,3,3,8,3
C11606,2,39,17328.4,5,5,5,15,2
C11607,164,1,484.61,2,1,3,6,3
C11608,52,7,1564.5,3,4,4,11,1
C11609,108,3,652.73,2,3,3,8,3
C11610,10,1,216.49,5,1,1,7,0
C11611,106,2,320.46999999999997,2,2,2,6,3
C11612,14,3,301.68,5,3,2,10,0
C11613,32,12,2307.46,4,5,5,14,1
C11614,41,13,3038.58,4,5,5,14,1
C11615,2,3,1017.74,5,3,4,12,0
C11616,21,1,240.4,4,1,1,6,0
C11617,76,3,730.15,3,3,3,9,0
C11618,111,3,523.67,2,3,3,8,3
C11619,14,2,681.0600000000001,5,2,3,10,0
C11620,11,3,831.34,5,3,3,11,0
C11621,18,21,8094.2,4,5,5,14,2
C11622,57,2,329.18,3,2,2,7,0
C11623,213,1,206.03,1,1,1,3,3
C11624,87,6,1483.57,3,4,4,11,1
C11625,214,2,542.21,1,2,3,6,3
C11626,37,8,1487.05,4,4,4,12,1
C11627,172,3,496.81,2,3,3,8,3
C11628,69,5,964.08,3,4,4,11,1
C11629,78,3,568.53,3,3,3,9,3
C11630,236,2,338.55,1,2,2,5,3
C11631,4,10,2530.55,5,4,5,14,2
C11632,180,3,659.11,1,3,3,7,3
C11633,35,2,386.51,4,2,2,8,0
C11634,130,1,267.62,2,1,1,4,3
C11635,40,11,1817.3500000000001,4,5,4,13,1
C11636,30,13,2671.38,4,5,5,14,1
C11637,107,5,1169.59,2,4,4,10,1
C11638,27,1,75.24,4,1,1,6,0
C11639,203,1,253.29,1,1,1,3,3
C11640,90,3,516.14,2,3,3,8,3
C11641,309,1,148.84,1,1,1,3,3
C11642,303,3,808.42,1,3,3,7,3
C11643,77,3,641.41,3,3,3,9,0
C11644,72,8,1957.6000000000001,3,4,4,11,1
C11645,100,3,616.8100000000001,2,3,3,8,3
C11646,13,12,2418.64,5,5,5,15,2
C11647,217,1,106.49,1,1,1,3,3
C11648,24,3,740.71,4,3,3,10,0
C11649,42,2,280.52,3,2,2,7,0
C11650,19,25,10156.289999999999,4,5,5,14,2
C11651,63,10,1985.39,3,4,4,11,1
C11652,1,9,1562.03,5,4,4,13,2
C11653,90,6,1442.68,2,4,4,10,1
C11654,16,9,2640.56,5,4,5,14,1
C11655,195,1,247.29000000000002,1,1,1,3,3
C11656,363,1,284.62,1,1,2,4,3
C11657,11,12,2223.6,5,5,5,15,2
C11658,47,12,3200.9,3,5,5,13,1
C11659,111,2,305.48,2,2,2,6,3
C11660,259,3,597.68,1,3,3,7,3
C11661,32,3,524.92,4,3,3,10,0
C11662,202,1,308.07,1,1,2,4,3
C11663,192,2,607.4,1,2,3,6,3
C11664,256,1,138.85,1,1,1,3,3
C11665,251,1,157.6,1,1,1,3,3
C11666,51,12,2452.22,3,5,5,13,1
C11667,295,1,337.53999999999996,1,1,2,4,3
C11668,2,11,2146.9900000000002,5,5,5,15,2
C11669,210,1,115.32,1,1,1,3,3
C11670,34,8,688.63,4,4,3,11,1
C11671,166,1,210.86,2,1,1,4,3
C11672,13,1,24.12,5,1,1,7,0
C11673,225,1,109.98,1,1,1,3,3
C11674,79,2,597.74,3,2,3,8,3
C11675,54,13,2821.16,3,5,5,13,1
C11676,5,13,2289.73,5,5,5,15,2
C11677,249,2,135.55,1,2,1,4,3
C11678,60,13,2692.89,3,5,5,13,1
C11679,87,3,431.61,3,3,2,8,3
C11680,37,8,1728.4,4,4,4,12,1
C11681,69,1,112.13,3,1,1,5,3
C11682,58,2,443.44,3,2,2,7,0
C11683,271,1,370.38,1,1,2,4,3
C11684,28,7,1604.43,4,4,4,12,1
C11685,217,1,17.380000000000003,1,1,1,3,3
C11686,193,1,206.36,1,1,1,3,3
C11687,302,2,315.23,1,2,2,5,3
C11688,46,2,324.81,3,2,2,7,0
C11689,251,3,814.33,1,3,3,7,3
C11690,38,12,1825.93,4,5,4,13,1
C11691,59,2,574.0,3,2,3,8,0
C11692,2,13,2032.39,5,5,4,14,2
C11693,53,12,2887.66,3,5,5,13,1
C11694,38,10,2380.47,4,4,5,13,1
C11695,16,17,6180.12,5,5,5,15,2
C11696,4,26,10085.39,5,5,5,15,2
C11697,6,9,2575.04,5,4,5,14,2
C11698,183,1,13.309999999999999,1,1,1,3,3
C11699,58,3,418.60999999999996,3,3,2,8,0
C11700,215,1,354.98,1,1,2,4,3
C11701,70,3,307.96,3,3,2,8,3
C11702,7,10,2854.85,5,4,5,14,2
C11703,45,3,439.72,3,3,2,8,0
C11704,134,2,235.94,2,2,1,5,3
C11705,42,5,983.22,3,4,4,11,1
C11706,343,2,577.8299999999999,1,2,3,6,3
C11707,69,9,1754.6000000000001,3,4,4,11,1
C11708,106,3,621.9300000000001,2,3,3,8,3
C11709,94,3,532.63,2,3,3,8,3
C11710,36,13,2538.86,4,5,5,14,1
C11711,3,33,14569.56,5,5,5,15,2
C11712,4,2,540.34,5,2,3,10,0
C11713,128,3,744.57,2,3,3,8,3
C11714,9,17,7243.6900000000005,5,5,5,15,2
C11715,125,1,131.9,2,1,1,4,3
C11716,1,36,14976.94,5,5,5,15,2
C11717,143,3,686.66,2,3,3,8,3
C11718,80,1,80.3,3,1,1,5,3
C11719,3,12,2260.89,5,5,5,15,2
C11720,151,8,2247.98,2,4,5,11,1
C11721,16,9,1803.92,5,4,4,13,1
C11722,36,6,1288.6299999999999,4,4,4,12,1
C11723,26,8,1441.43,4,4,4,12,1
C11724,103,2,287.4,2,2,2,6,3
C11725,1,20,7392.17,5,5,5,15,2
C11726,174,3,603.1800000000001,1,3,3,7,3
C11727,28,1,14.42,4,1,1,6,0
C11728,142,1,521.94,2,1,3,6,3
C11729,130,2,541.59,2,2,3,7,3
C11730,11,13,3036.61,5,5,5,15,2
C11731,136,2,179.81,2,2,1,5,3
C11732,217,2,263.75,1,2,1,4,3
C11733,151,2,638.18,2,2,3,7,3
C11734,16,9,2263.34,5,4,5,14,1
C11735,31,1,30.749999999999996,4,1,1,6,0
C11736,198,2,270.27,1,2,1,4,3
C11737,6,9,1603.19,5,4,4,13,2
C11738,51,5,992.32,3,4,4,11,1
C11739,141,2,505.21000000000004,2,2,3,7,3
C11740,44,1,230.34,3,1,1,5,0
C11741,111,3,520.4,2,3,3,8,3
C11742,231,2,560.55,1,2,3,6,3
C11743,21,29,12310.41,4,5,5,14,2
C11744,150,3,785.27,2,3,3,8,3
C11745,101,3,692.7,2,3,3,8,3
C11746,4,25,10663.619999999999,5,5,5,15,2
C11747,45,6,886.26,3,4,3,10,1
C11748,51,3,84.16,3,3,1,7,0
C11749,40,9,1449.06,4,4,4,12,1
C11750,249,2,207.63,1,2,1,4,3
C11751,65,9,1941.81,3,4,4,11,1
C11752,20,24,10898.41,4,5,5,14,2
C11753,2,11,2933.74,5,5,5,15,2
C11754,253,1,348.70000000000005,1,1,2,4,3
C11755,152,1,20.0,2,1,1,4,3
C11756,120,1,137.81,2,1,1,4,3
C11757,261,1,78.15,1,1,1,3,3
C11758,84,9,1681.92,3,4,4,11,1
C11759,133,2,370.26,2,2,2,6,3
C11760,14,2,211.62,5,2,1,8,0
C11761,16,1,5.08,5,1,1,7,0
C11762,29,9,1517.8600000000001,4,4,4,12,1
C11763,93,3,438.57,2,3,2,7,3
C11764,231,6,838.74,1,4,3,8,3
C11765,84,8,1832.11,3,4,4,11,1
C11766,4,3,422.76,5,3,2,10,0
C11767,75,3,551.02,3,3,3,9,0
C11768,82,10,2461.7799999999997,3,4,5,12,1
C11769,40,9,1857.66,4,4,4,12,1
C11770,69,2,454.27,3,2,2,7,3
C11771,155,2,260.28,2,2,1,5,3
C11772,288,1,360.49,1,1,2,4,3
C11773,332,1,439.8,1,1,2,4,3
C11774,22,3,315.88,4,3,2,9,0
C11775,28,13,2445.85,4,5,5,14,1
C11776,21,3,775.41,4,3,3,10,0
C11777,63,2,442.72,3,2,2,7,0
C11778,39,11,1943.57,4,5,4,13,1
C11779,35,1,230.57,4,1,1,6,0
C11780,12,14,5887.46,5,5,5,15,2
C11781,282,1,206.45,1,1,1,3,3
C11782,109,2,166.93,2,2,1,5,3
C11783,116,3,488.72,2,3,3,8,3
C11784,1,2,549.91,5,2,3,10,0
C11785,357,1,386.92,1,1,2,4,3
C11786,5,2,268.41,5,2,1,8,0
C11787,47,3,916.0699999999999,3,3,4,10,0
C11788,16,19,7065.37,5,5,5,15,2
C11789,116,2,671.72,2,2,3,7,3
C11790,115,5,1214.3300000000002,2,4,4,10,1
C11791,22,2,32.05,4,2,1,7,0
C11792,193,2,556.41,1,2,3,6,3
C11793,55,3,244.82,3,3,1,7,0
C11794,3,37,14599.28,5,5,5,15,2
C11795,109,11,1648.52,2,5,4,11,1
C11796,147,3,495.48,2,3,3,8,3
C11797,2,21,7356.07,5,5,5,15,2
C11798,5,25,10048.63,5,5,5,15,2
C11799,10,27,10962.83,5,5,5,15,2
C11800,206,1,292.1,1,1,2,4,3
C11801,258,2,468.0,1,2,2,5,3
C11802,75,9,1356.9,3,4,4,11,1
C11803,14,6,1124.67,5,4,4,13,1
C11804,27,5,1625.4,4,4,4,12,1
C11805,209,2,400.99,1,2,2,5,3
C11806,31,3,571.6,4,3,3,10,0
C11807,85,10,2111.77,3,4,5,12,1
C11808,30,6,539.0699999999999,4,4,3,11,1
C11809,51,5,389.7,3,4,2,9,0
C11810,269,2,314.97999999999996,1,2,2,5,3
C11811,23,3,616.29,4,3,3,10,0
C11812,6,10,2686.7599999999998,5,4,5,14,2
C11813,6,25,12459.96,5,5,5,15,2
C11814,5,11,2203.74,5,5,5,15,2
C11815,101,1,356.23,2,1,2,5,3
C11816,93,11,1827.69,2,5,4,11,1
C11817,210,2,582.9,1,2,3,6,3
C11818,92,3,429.98,2,3,2,7,3
C11819,90,13,2480.34,2,5,5,12,1
C11820,57,8,1485.11,3,4,4,11,1
C11821,45,7,1483.98,3,4,4,11,1
C11822,13,3,420.7,5,3,2,10,0
C11823,236,2,534.55,1,2,3,6,3
C11824,111,2,450.82,2,2,2,6,3
C11825,31,3,276.9,4,3,2,9,0
C11826,6,27,13470.7,5,5,5,15,2
C11827,198,1,104.53999999999999,1,1,1,3,3
C11828,52,3,565.08,3,3,3,9,0
C11829,8,11,2421.36,5,5,5,15,2
C11830,322,1,409.34000000000003,1,1,2,4,3
C11831,53,3,787.6899999999999,3,3,3,9,0
C11832,325,2,496.4,1,2,3,6,3
C11833,72,2,565.18,3,2,3,8,3
C11834,6,1,287.64,5,1,2,8,0
C11835,49,2,561.9,3,2,3,8,0
C11836,20,9,1523.71,4,4,4,12,1
C11837,15,7,1515.3,5,4,4,13,1
C11838,323,1,149.6,1,1,1,3,3
C11839,8,9,2156.68,5,4,5,14,2
C11840,9,10,2024.8799999999999,5,4,4,13,2
C11841,152,3,672.17,2,3,3,8,3
C11842,119,3,1017.0,2,3,4,9,3
C11843,150,2,86.17,2,2,1,5,3
C11844,90,1,8.56,2,1,1,4,3
C11845,22,13,2373.54,4,5,5,14,1
C11846,56,9,2372.86,3,4,5,12,1
C11847,139,5,865.5799999999999,2,4,3,9,1
C11848,229,1,204.9,1,1,1,3,3
C11849,38,2,178.07,4,2,1,7,0
C11850,16,10,1883.0700000000002,5,4,4,13,1
C11851,164,1,107.79,2,1,1,4,3
C11852,221,1,471.74,1,1,2,4,3
C11853,9,1,216.63,5,1,1,7,0
C11854,13,1,294.65999999999997,5,1,2,8,0
C11855,19,12,2091.96,4,5,5,14,1
C11856,320,3,266.39,1,3,1,5,3
C11857,124,3,790.93,2,3,3,8,3
C11858,14,1,27.36,5,1,1,7,0
C11859,18,3,486.71,4,3,3,10,0
C11860,76,2,531.4499999999999,3,2,3,8,3
C11861,183,2,341.36,1,2,2,5,3
C11862,13,11,2176.33,5,5,5,15,1
C11863,135,2,424.04,2,2,2,6,3
C11864,209,1,118.75,1,1,1,3,3
C11865,188,1,316.14,1,1,2,4,3
C11866,1,25,10511.04,5,5,5,15,2
C11867,43,9,2088.4700000000003,3,4,5,12,1
C11868,5,8,1681.21,5,4,4,13,2
C11869,86,3,457.2,3,3,2,8,3
C11870,337,1,133.13,1,1,1,3,3
C11871,58,11,2058.2,3,5,5,13,1
C11872,102,3,671.39,2,3,3,8,3
C11873,94,1,193.5,2,1,1,4,3
C11874,256,2,547.0500000000001,1,2,3,6,3
C11875,58,3,211.87,3,3,1,7,0
C11876,236,2,580.6,1,2,3,6,3
C11877,69,3,834.83,3,3,3,9,0
C11878,49,6,1530.74,3,4,4,11,1
C11879,113,2,248.11999999999998,2,2,1,5,3
C11880,54,3,848.35,3,3,3,9,0
C11881,158,1,184.18,2,1,1,4,3
C11882,9,2,474.84999999999997,5,2,2,9,0
C11883,6,2,324.25,5,2,2,9,0
C11884,106,6,984.51,2,4,4,10,1
C11885,35,2,344.42,4,2,2,8,0
C11886,27,29,10963.96,4,5,5,14,2
C11887,16,12,2162.11,5,5,5,15,1
C11888,52,3,379.52,3,3,2,8,0
C11889,204,1,426.04,1,1,2,4,3
C11890,4,9,2545.97,5,4,5,14,2
C11891,72,3,855.44,3,3,3,9,0
C11892,159,1,383.53,2,1,2,5,3
C11893,29,13,2045.33,4,5,4,13,1
C11894,290,2,224.8,1,2,1,4,3
C11895,91,1,71.05,2,1,1,4,3
C11896,249,3,426.6,1,3,2,6,3
C11897,45,13,2356.57,3,5,5,13,1
C11898,81,9,2659.67,3,4,5,12,1
C11899,67,2,599.31,3,2,3,8,0
C11900,103,3,341.55,2,3,2,7,3
C11901,1,34,11896.289999999999,5,5,5,15,2
C11902,167,3,440.29,2,3,2,7,3
C11903,10,39,15200.7,5,5,5,15,2
C11904,169,2,332.5,2,2,2,6,3
C11905,10,9,1481.89,5,4,4,13,1
C11906,199,1,336.31000000000006,1,1,2,4,3
C11907,25,11,2311.59,4,5,5,14,1
C11908,34,6,1149.27,4,4,4,12,1
C11909,17,11,2336.65,4,5,5,14,1
C11910,2,11,2312.43,5,5,5,15,2
C11911,177,1,200.26,1,1,1,3,3
C11912,30,1,179.77999999999997,4,1,1,6,0
C11913,76,10,2132.07,3,4,5,12,1
C11914,137,3,605.07,2,3,3,8,3
C11915,288,2,266.67,1,2,1,4,3
C11916,257,1,131.95,1,1,1,3,3
C11917,272,2,293.04,1,2,2,5,3
C11918,7,5,1268.3600000000001,5,4,4,13,1
C11919,82,2,348.58,3,2,2,7,3
C11920,43,3,208.07999999999998,3,3,1,7,0
C11921,4,38,14092.96,5,5,5,15,2
C11922,3,3,374.63,5,3,2,10,0
C11923,31,12,2253.84,4,5,5,14,1
C11924,75,2,520.96,3,2,3,8,3
C11925,40,10,1955.6,4,4,4,12,1
C11926,237,3,779.62,1,3,3,7,3
C11927,134,3,497.4,2,3,3,8,3
C11928,47,2,577.78,3,2,3,8,0
C11929,7,23,10085.68,5,5,5,15,2
C11930,26,3,818.92,4,3,3,10,0
C11931,114,2,195.07,2,2,1,5,3
C11932,134,2,117.84,2,2,1,5,3
C11933,164,3,296.5,2,3,2,7,3
C11934,120,2,418.34000000000003,2,2,2,6,3
C11935,102,1,295.47,2,1,2,5,3
C11936,25,8,1496.57,4,4,4,12,1
C11937,317,1,175.7,1,1,1,3,3
C11938,155,3,596.85,2,3,3,8,3
C11939,5,30,11855.73,5,5,5,15,2
C11940,22,27,11664.35,4,5,5,14,2
C11941,59,13,2129.4,3,5,5,13,1
C11942,88,3,558.27,2,3,3,8,3
C11943,56,3,647.78,3,3,3,9,0
C11944,87,2,241.70000000000002,3,2,1,6,3
C11945,81,3,716.22,3,3,3,9,3
C11946,77,3,381.56,3,3,2,8,3
C11947,59,9,2095.57,3,4,5,12,1
C11948,2,11,2042.09,5,5,4,14,2
C11949,159,3,388.07,2,3,2,7,3
C11950,63,12,3135.17,3,5,5,13,1
C11951,10,11,1856.43,5,5,4,14,2
C11952,43,2,544.0999999999999,3,2,3,8,0
C11953,156,2,768.17,2,2,3,7,3
C11954,213,1,226.86,1,1,1,3,3
C11955,156,1,113.3,2,1,1,4,3
C11956,4,2,755.4,5,2,3,10,0
C11957,1,2,708.66,5,2,3,10,0
C11958,158,3,587.66,2,3,3,8,3
C11959,19,3,816.75,4,3,3,10,0
C11960,13,12,2000.99,5,5,4,14,1
C11961,22,2,244.24,4,2,1,7,0
C11962,136,1,427.85,2,1,2,5,3
C11963,38,8,1338.25,4,4,4,12,1
C11964,178,2,386.98,1,2,2,5,3
C11965,34,3,633.98,4,3,3,10,0
C11966,28,9,2288.13,4,4,5,13,1
C11967,73,13,2195.43,3,5,5,13,1
C11968,72,12,1460.3,3,5,4,12,1
C11969,5,21,9014.94,5,5,5,15,2
C11970,11,30,8666.21,5,5,5,15,2
C11971,142,1,27.3,2,1,1,4,3
C11972,19,10,1336.51,4,4,4,12,1
C11973,39,2,625.75,4,2,3,9,0
C11974,12,13,1752.12,5,5,4,14,1
C11975,245,1,208.07999999999998,1,1,1,3,3
C11976,42,8,1439.66,3,4,4,11,1
C11977,138,2,287.35,2,2,2,6,3
C11978,334,1,183.35000000000002,1,1,1,3,3
C11979,131,1,340.44,2,1,2,5,3
C11980,58,9,1886.53,3,4,4,11,1
C11981,197,1,14.22,1,1,1,3,3
C11982,65,3,458.57,3,3,2,8,0
C11983,191,2,374.35,1,2,2,5,3
C11984,21,8,1319.59,4,4,4,12,1
C11985,51,6,1205.71,3,4,4,11,1
C11986,48,3,1095.8899999999999,3,3,4,10,0
C11987,273,3,863.41,1,3,3,7,3
C11988,246,2,541.59,1,2,3,6,3
C11989,23,3,599.83,4,3,3,10,0
C11990,230,2,283.07,1,2,2,5,3
C11991,52,7,769.9000000000001,3,4,3,10,1
C11992,39,3,430.34,4,3,2,9,0
C11993,42,10,1999.7,3,4,4,11,1
C11994,62,2,629.18,3,2,3,8,0
C11995,39,3,555.35,4,3,3,10,0
C11996,54,1,253.81,3,1,1,5,0
C11997,9,17,6686.58,5,5,5,15,2
C11998,25,15,5656.0199999999995,4,5,5,14,2
C11999,28,9,1624.27,4,4,4,12,1
C12000,103,5,1121.4,2,4,4,10,1
C12001,127,6,1305.22,2,4,4,10,1
C12002,20,1,149.66,4,1,1,6,0
C12003,2,10,2054.38,5,4,5,14,2
C12004,148,10,2628.65,2,5,5,12,1
C12005,62,3,203.0,3,3,1,7,0
C12006,182,2,71.66,1,2,1,4,3
C12007,46,2,331.38,3,2,2,7,0
C12008,5,28,9971.89,5,5,5,15,2
C12009,251,2,641.46,1,2,3,6,3
C12010,1,31,10916.95,5,5,5,15,2
C12011,62,19,7551.0,3,5,5,13,1
C12012,272,1,89.78,1,1,1,3,3
C12013,56,5,1029.42,3,4,4,11,1
C12014,192,2,372.01,1,2,2,5,3
C12015,30,2,523.51,4,2,3,9,0
C12016,70,5,468.27,3,4,2,9,0
C12017,236,1,158.57999999999998,1,1,1,3,3
C12018,15,17,6139.25,5,5,5,15,2
C12019,184,2,478.01,1,2,2,5,3
C12020,306,1,195.74,1,1,1,3,3
C12021,64,2,560.81,3,2,3,8,0
C12022,42,1,122.18,3,1,1,5,0
C12023,34,15,6737.85,4,5,5,14,2
C12024,92,2,476.17,2,2,2,6,3
C12025,126,5,895.53,2,4,3,9,1
C12026,36,3,816.34,4,3,3,10,0
C12028,47,12,1912.73,3,5,4,12,1
C12029,91,3,663.37,2,3,3,8,3
C12030,16,7,1591.56,5,4,4,13,1
C12031,186,2,325.68,1,2,2,5,3
C12032,56,2,288.18,3,2,2,7,0
C12033,214,1,111.05,1,1,1,3,3
C12034,70,2,588.8100000000001,3,2,3,8,0
C12035,81,8,934.37,3,4,4,11,1
C12036,29,11,2295.91,4,5,5,14,1
C12037,30,13,2509.46,4,5,5,14,1
C12038,35,7,1134.3,4,4,4,12,1
C12039,49,12,2662.78,3,5,5,13,1
C12040,32,1,290.48,4,1,2,7,0
C12041,12,3,459.18,5,3,2,10,0
C12042,203,2,602.97,1,2,3,6,3
C12043,40,11,2172.42,4,5,5,14,1
C12044,217,1,435.56,1,1,2,4,3
C12045,42,2,273.63,3,2,1,6,0
C12046,11,38,16574.57,5,5,5,15,2
C12047,83,3,282.05,3,3,2,8,3
C12048,57,2,451.72999999999996,3,2,2,7,0
C12049,16,10,2517.11,5,5,5,15,1
C12050,61,3,795.4,3,3,3,9,0
C12051,32,3,282.73,4,3,2,9,0
C12052,49,9,1179.5,3,4,4,11,1
C12053,262,1,230.79,1,1,1,3,3
C12054,63,1,265.25,3,1,1,5,3
C12055,14,3,763.35,5,3,3,11,0
C12056,27,2,398.1,4,2,2,8,0
C12057,66,3,469.43,3,3,2,8,0
C12058,46,3,1236.27,3,3,4,10,0
C12059,61,3,581.33,3,3,3,9,0
C12060,26,25,9021.34,4,5,5,14,2
C12061,64,3,467.3,3,3,2,8,0
C12062,357,1,298.76,1,1,2,4,3
C12063,146,2,478.99,2,2,2,6,3
C12064,5,33,14414.1,5,5,5,15,2
C12065,136,2,359.65999999999997,2,2,2,6,3
C12066,4,7,2023.91,5,4,4,13,2
C12067,6,13,2443.27,5,5,5,15,2
C12068,197,5,1113.51,1,4,4,9,1
C12069,56,12,2032.68,3,5,4,12,1
C12070,248,1,189.17000000000002,1,1,1,3,3
C12071,33,2,208.03,4,2,1,7,0
C12072,43,8,1662.8999999999999,3,4,4,11,1
C12073,28,1,413.35,4,1,2,7,0
C12074,342,1,363.42,1,1,2,4,3
C12075,265,1,300.71999999999997,1,1,2,4,3
C12076,3,8,1335.97,5,4,4,13,2
C12077,235,2,580.46,1,2,3,6,3
C12078,129,1,132.87,2,1,1,4,3
C12079,111,2,289.76000000000005,2,2,2,6,3
C12080,43,17,6301.3,3,5,5,13,1
C12081,12,22,9020.52,5,5,5,15,2
C12082,46,3,776.09,3,3,3,9,0
C12083,226,1,139.54,1,1,1,3,3
C12084,92,2,238.74,2,2,1,5,3
C12085,145,2,206.14,2,2,1,5,3
C12086,11,6,1060.79,5,4,4,13,1
C12087,77,2,511.57,3,2,3,8,3
C12088,5,1,272.7,5,1,1,7,0
C12089,138,7,1555.37,2,4,4,10,1
C12090,107,2,252.17,2,2,1,5,3
C12091,345,1,210.23999999999998,1,1,1,3,3
C12092,1,13,2191.2599999999998,5,5,5,15,2
C12093,142,2,524.29,2,2,3,7,3
C12094,7,12,1886.29,5,5,4,14,2
C12095,100,2,377.36,2,2,2,6,3
C12096,171,2,338.83,2,2,2,6,3
C12097,99,2,126.05999999999999,2,2,1,5,3
C12098,44,2,189.7,3,2,1,6,0
C12099,50,9,2128.39,3,4,5,12,1
C12100,346,1,60.52,1,1,1,3,3
C12101,264,3,361.25,1,3,2,6,3
C12102,1,4,771.54,5,3,3,11,0
C12103,129,3,351.03,2,3,2,7,3
C12104,220,3,820.25,1,3,3,7,3
C12105,55,8,1532.81,3,4,4,11,1
C12106,192,1,357.47,1,1,2,4,3
C12107,169,1,94.03,2,1,1,4,3
C12108,14,11,2525.89,5,5,5,15,1
C12109,168,1,290.92,2,1,2,5,3
C12110,10,9,1222.18,5,4,4,13,1
C12111,12,10,2720.2799999999997,5,5,5,15,2
C12112,13,12,2648.43,5,5,5,15,2
C12113,166,1,431.69,2,1,2,5,3
C12114,102,2,355.12,2,2,2,6,3
C12115,145,6,1458.88,2,4,4,10,1
C12116,98,2,428.32,2,2,2,6,3
C12117,115,2,253.6,2,2,1,5,3
C12118,2,8,1716.19,5,4,4,13,2
C12119,345,1,316.68,1,1,2,4,3
C12120,147,1,413.02000000000004,2,1,2,5,3
C12121,3,3,408.39,5,3,2,10,0
C12122,21,1,71.24,4,1,1,6,0
C12123,35,3,444.8,4,3,2,9,0
C12124,95,1,107.31,2,1,1,4,3
C12125,144,2,323.37,2,2,2,6,3
C12126,225,2,215.04,1,2,1,4,3
C12127,9,13,1868.78,5,5,4,14,2
C12128,112,1,293.3,2,1,2,5,3
C12129,215,2,382.86,1,2,2,5,3
C12130,6,7,1109.08,5,4,4,13,1
C12131,7,23,7765.2300000000005,5,5,5,15,2
C12132,101,2,345.53,2,2,2,6,3
C12133,79,3,560.62,3,3,3,9,3
C12134,146,3,559.44,2,3,3,8,3
C12135,109,1,49.96,2,1,1,4,3
C12136,13,19,9216.86,5,5,5,15,2
C12137,46,3,118.41000000000001,3,3,1,7,0
C12138,90,10,1902.58,2,5,4,11,1
C12139,343,1,370.91,1,1,2,4,3
C12140,271,1,153.68,1,1,1,3,3
C12141,7,2,357.48,5,2,2,9,0
C12142,121,3,442.05,2,3,2,7,3
C12143,9,12,3341.56,5,5,5,15,2
C12144,328,3,541.09,1,3,3,7,3
C12145,98,1,194.54,2,1,1,4,3
C12146,185,2,461.26,1,2,2,5,3
C12147,40,7,1693.79,4,4,4,12,1
C12148,203,2,275.39,1,2,1,4,3
C12149,160,1,458.81,2,1,2,5,3
C12150,17,13,2745.48,4,5,5,14,1
C12151,11,10,2115.7000000000003,5,5,5,15,1
C12152,30,3,606.6,4,3,3,10,0
C12153,79,1,397.16,3,1,2,6,3
C12154,1,8,1324.66,5,4,4,13,2
C12155,94,7,1045.66,2,4,4,10,1
C12156,26,10,2757.08,4,5,5,14,1
C12157,16,6,1816.8799999999999,5,4,4,13,1
C12158,9,2,649.76,5,2,3,10,0
C12159,108,2,430.7,2,2,2,6,3
C12160,44,2,619.1899999999999,3,2,3,8,0
C12161,43,3,954.98,3,3,4,10,0
C12162,67,9,1477.31,3,4,4,11,1
C12163,33,1,10.11,4,1,1,6,3
C12164,93,3,221.72,2,3,1,6,3
C12165,120,1,294.56,2,1,2,5,3
C12166,17,3,813.54,4,3,3,10,0
C12167,160,6,1098.94,2,4,4,10,1
C12168,41,2,49.67,4,2,1,7,0
C12169,21,8,1145.22,4,4,4,12,1
C12170,60,3,501.6,3,3,3,9,0
C12171,1,28,13283.9,5,5,5,15,2
C12172,32,6,737.53,4,4,3,11,1
C12173,162,1,245.66000000000003,2,1,1,4,3
C12174,5,11,2373.2,5,5,5,15,2
C12175,264,1,269.53000000000003,1,1,1,3,3
C12176,8,9,1703.78,5,4,4,13,1
C12177,10,3,684.74,5,3,3,11,0
C12178,214,3,363.13,1,3,2,6,3
C12179,163,2,207.95000000000002,2,2,1,5,3
C12180,22,12,2578.74,4,5,5,14,1
C12181,38,11,2012.03,4,5,4,13,1
C12182,6,25,11870.18,5,5,5,15,2
C12183,47,13,3548.27,3,5,5,13,1
C12184,116,3,726.76,2,3,3,8,3
C12185,173,1,118.88,1,1,1,3,3
C12186,357,1,483.8,1,1,3,5,3
C12187,235,2,653.5300000000001,1,2,3,6,3
C12188,201,3,680.4300000000001,1,3,3,7,3
C12189,55,3,405.58,3,3,2,8,0
C12190,8,9,1768.98,5,4,4,13,2
C12191,295,1,106.04,1,1,1,3,3
C12192,34,2,385.11,4,2,2,8,0
C12193,46,3,588.65,3,3,3,9,0
C12194,26,11,2184.19,4,5,5,14,1
C12195,212,3,813.19,1,3,3,7,3
C12196,175,3,357.02,1,3,2,6,3
C12197,172,1,202.93,2,1,1,4,3
C12198,24,2,204.88,4,2,1,7,0
C12199,11,9,1733.21,5,4,4,13,1
C12200,362,1,385.14,1,1,2,4,3
C12201,9,12,2469.59,5,5,5,15,2
C12202,156,2,316.53999999999996,2,2,2,6,3
C12203,5,31,12415.94,5,5,5,15,2
C12204,84,3,674.47,3,3,3,9,3
C12205,189,1,35.64,1,1,1,3,3
C12206,24,9,1611.28,4,4,4,12,1
C12207,177,1,406.56,1,1,2,4,3
C12208,22,12,3265.18,4,5,5,14,1
C12209,357,1,127.47,1,1,1,3,3
C12210,26,2,336.38,4,2,2,8,0
C12211,312,1,202.01999999999998,1,1,1,3,3
C12212,2,38,16937.6,5,5,5,15,2
C12213,144,1,141.16,2,1,1,4,3
C12214,219,2,405.32,1,2,2,5,3
C12215,16,11,1579.75,5,5,4,14,1
C12216,76,1,33.7,3,1,1,5,3
C12217,3,10,2159.35,5,5,5,15,2
C12218,6,1,193.65,5,1,1,7,0
C12219,16,8,1148.25,5,4,4,13,1
C12220,270,2,509.46999999999997,1,2,3,6,3
C12221,23,3,461.39000000000004,4,3,2,9,0
C12222,112,7,1245.48,2,4,4,10,1
C12223,11,11,1287.13,5,5,4,14,1
C12224,14,20,8184.33,5,5,5,15,2
C12225,210,2,321.05,1,2,2,5,3
C12226,29,12,1310.98,4,5,4,13,1
C12227,9,2,473.34999999999997,5,2,2,9,0
C12228,247,5,922.26,1,4,4,9,3
C12229,22,9,2416.31,4,4,5,13,1
C12230,38,3,856.27,4,3,3,10,0
C12231,3,27,12705.7,5,5,5,15,2
C12232,364,1,47.53,1,1,1,3,3
C12233,366,1,182.0,1,1,1,3,3
C12234,43,3,434.46999999999997,3,3,2,8,0
C12235,107,3,631.3900000000001,2,3,3,8,3
C12236,85,1,23.86,3,1,1,5,3
C12237,78,7,1485.83,3,4,4,11,1
C12238,11,24,9478.51,5,5,5,15,2
C12239,30,5,1157.07,4,4,4,12,1
C12240,17,3,621.22,4,3,3,10,0
C12241,6,30,13829.67,5,5,5,15,2
C12242,261,2,470.35999999999996,1,2,2,5,3
C12243,182,1,134.06,1,1,1,3,3
C12244,183,1,305.0,1,1,2,4,3
C12245,61,3,832.67,3,3,3,9,0
C12246,10,34,11160.15,5,5,5,15,2
C12247,351,1,9.74,1,1,1,3,3
C12248,62,3,496.69,3,3,3,9,0
C12249,22,13,3402.53,4,5,5,14,1
C12250,57,6,836.91,3,4,3,10,1
C12251,351,1,156.76999999999998,1,1,1,3,3
C12252,168,2,394.96000000000004,2,2,2,6,3
C12253,32,1,35.300000000000004,4,1,1,6,0
C12254,233,1,286.94,1,1,2,4,3
C12255,167,2,170.47,2,2,1,5,3
C12256,74,3,1010.4300000000001,3,3,4,10,0
C12257,182,3,1099.97,1,3,4,8,3
C12258,37,7,1411.3400000000001,4,4,4,12,1
C12259,140,3,520.36,2,3,3,8,3
C12260,196,3,656.48,1,3,3,7,3
C12261,172,2,380.83,2,2,2,6,3
C12262,341,1,253.3,1,1,1,3,3
C12263,21,2,257.64,4,2,1,7,0
C12264,279,2,222.97,1,2,1,4,3
C12265,82,3,697.35,3,3,3,9,3
C12266,147,3,359.85,2,3,2,7,3
C12267,105,3,629.38,2,3,3,8,3
C12268,65,8,1523.33,3,4,4,11,1
C12269,184,3,766.5,1,3,3,7,3
C12270,19,11,2527.5099999999998,4,5,5,14,1
C12271,39,7,1691.21,4,4,4,12,1
C12272,95,2,330.55,2,2,2,6,3
C12273,317,2,702.78,1,2,3,6,3
C12274,354,1,168.31,1,1,1,3,3
C12275,133,3,782.3199999999999,2,3,3,8,3
C12276,8,3,755.97,5,3,3,11,0
C12277,112,3,911.38,2,3,3,8,3
C12278,141,3,866.24,2,3,3,8,3
C12279,5,24,12066.539999999999,5,5,5,15,2
C12280,34,7,1283.8799999999999,4,4,4,12,1
C12281,31,10,2550.78,4,5,5,14,1
C12282,5,2,230.65,5,2,1,8,0
C12283,22,18,8051.1,4,5,5,14,2
C12284,69,9,1399.81,3,4,4,11,1
C12285,50,5,1619.13,3,4,4,11,1
C12286,229,1,188.57,1,1,1,3,3
C12287,24,13,2431.16,4,5,5,14,1
C12288,54,2,216.07000000000002,3,2,1,6,0
C12289,7,13,1548.72,5,5,4,14,2
C12290,192,2,338.01,1,2,2,5,3
C12291,23,5,940.55,4,4,4,12,1
C12292,5,8,2139.73,5,4,5,14,2
C12293,5,3,864.85,5,3,3,11,0
C12294,5,32,11371.01,5,5,5,15,2
C12295,17,16,7059.47,4,5,5,14,2
C12296,52,13,2552.32,3,5,5,13,1
C12297,3,28,13273.64,5,5,5,15,2
C12298,45,11,2429.61,3,5,5,13,1
C12299,62,5,579.81,3,4,3,10,0
C12300,95,1,301.22,2,1,2,5,3
C12301,76,2,164.14,3,2,1,6,3
C12302,139,2,243.57999999999998,2,2,1,5,3
C12303,42,8,1818.75,3,4,4,11,1
C12304,64,1,47.739999999999995,3,1,1,5,3
C12305,5,5,1389.1,5,4,4,13,1
C12306,70,7,1480.65,3,4,4,11,1
C12307,137,2,341.29,2,2,2,6,3
C12308,63,10,1974.08,3,5,4,12,1
C12309,32,8,1970.3999999999999,4,4,4,12,1
C12310,88,2,719.64,2,2,3,7,3
C12311,297,1,40.08,1,1,1,3,3
C12312,18,2,260.48,4,2,1,7,0
C12313,252,2,421.24,1,2,2,5,3
C12314,215,1,76.65,1,1,1,3,3
C12315,1,9,1539.79,5,4,4,13,2
C12316,50,7,1231.06,3,4,4,11,1
C12317,1,12,2059.58,5,5,5,15,2
C12318,107,2,521.79,2,2,3,7,3
C12319,78,2,358.46,3,2,2,7,3
C12320,36,1,106.24,4,1,1,6,0
C12321,76,3,434.02000000000004,3,3,2,8,3
C12322,79,3,382.86,3,3,2,8,3
C12323,61,7,1397.27,3,4,4,11,1
C12324,195,1,360.88,1,1,2,4,3
C12325,287,1,369.74,1,1,2,4,3
C12326,363,1,248.04,1,1,1,3,3
C12327,3,26,10534.65,5,5,5,15,2
C12328,166,3,879.12,2,3,3,8,3
C12329,40,17,7057.5199999999995,4,5,5,14,2
C12330,14,6,1073.61,5,4,4,13,1
C12331,6,31,12110.6,5,5,5,15,2
C12332,37,3,476.7,4,3,2,9,0
C12333,71,3,744.03,3,3,3,9,0
C12334,2,9,2631.89,5,4,5,14,2
C12335,18,10,1771.3200000000002,4,5,4,13,1
C12336,241,3,631.51,1,3,3,7,3
C12337,34,10,1610.79,4,5,4,13,1
C12338,25,9,2425.2599999999998,4,4,5,13,1
C12339,32,3,405.88,4,3,2,9,0
C12340,29,3,612.52,4,3,3,10,0
C12341,27,28,13868.31,4,5,5,14,2
C12342,18,5,904.86,4,4,3,11,1
C12343,135,7,1139.73,2,4,4,10,1
C12344,298,1,263.09000000000003,1,1,1,3,3
C12345,34,2,108.88,4,2,1,7,0
C12346,242,2,531.68,1,2,3,6,3
C12347,12,13,2581.17,5,5,5,15,2
C12348,63,2,425.38,3,2,2,7,0
C12349,8,24,11799.55,5,5,5,15,2
C12350,53,3,185.06,3,3,1,7,0
C12351,138,1,189.87,2,1,1,4,3
C12352,222,3,1039.95,1,3,4,8,3
C12353,242,1,26.419999999999998,1,1,1,3,3
C12354,85,2,413.84000000000003,3,2,2,7,3
C12355,27,10,1762.09,4,5,4,13,1
C12356,143,1,5.16,2,1,1,4,3
C12357,2,29,12602.5,5,5,5,15,2
C12358,26,3,810.7099999999999,4,3,3,10,0
C12359,4,9,1145.52,5,4,4,13,2
C12360,12,25,10581.79,5,5,5,15,2
C12361,159,2,328.12,2,2,2,6,3
C12362,22,6,1105.22,4,4,4,12,1
C12363,134,2,397.90999999999997,2,2,2,6,3
C12364,231,2,283.11,1,2,2,5,3
C12365,2,25,9093.27,5,5,5,15,2
C12366,20,10,2491.46,4,5,5,14,1
C12367,124,2,280.61,2,2,2,6,3
C12368,28,8,1559.8799999999999,4,4,4,12,1
C12369,25,3,535.16,4,3,3,10,0
C12370,4,2,701.79,5,2,3,10,0
C12371,145,1,236.97,2,1,1,4,3
C12372,33,3,429.08,4,3,2,9,0
C12373,183,3,487.43,1,3,3,7,3
C12374,3,2,409.71999999999997,5,2,2,9,0
C12375,50,9,1745.6599999999999,3,4,4,11,1
C12376,18,10,2238.44,4,5,5,14,1
C12377,78,3,769.8,3,3,3,9,0
C12378,150,3,556.53,2,3,3,8,3
C12379,12,2,336.15999999999997,5,2,2,9,0
C12380,96,1,32.39,2,1,1,4,3
C12381,321,1,28.8,1,1,1,3,3
C12382,330,1,169.93,1,1,1,3,3
C12383,135,2,82.18,2,2,1,5,3
C12384,40,9,2121.29,4,4,5,13,1
C12385,143,3,990.83,2,3,4,9,3
C12386,27,6,1205.99,4,4,4,12,1
C12387,233,3,694.41,1,3,3,7,3
C12388,165,1,137.32,2,1,1,4,3
C12389,177,3,428.32,1,3,2,6,3
C12390,22,8,994.81,4,4,4,12,1
C12391,74,8,1819.79,3,4,4,11,1
C12392,155,2,646.35,2,3,3,8,3
C12393,3,12,1849.5,5,5,4,14,2
C12394,283,1,195.51,1,1,1,3,3
C12395,76,13,2732.77,3,5,5,13,1
C12396,193,6,1373.41,1,4,4,9,1
C12397,5,21,6542.29,5,5,5,15,2
C12398,93,2,270.07,2,3,1,6,3
C12399,38,3,406.1,4,3,2,9,0
C12400,24,9,1789.76,4,4,4,12,1
C12401,10,36,14105.27,5,5,5,15,2
C12402,222,2,370.15999999999997,1,3,2,6,3
C12403,79,8,1502.34,3,4,4,11,1
C12404,152,2,613.31,2,3,3,8,3
C12405,314,2,282.49,1,3,2,6,3
C12406,82,8,1164.8700000000001,3,4,4,11,1
C12407,12,12,2059.62,5,5,5,15,2
C12408,88,1,118.32,2,1,1,4,3
C12409,162,3,348.12,2,3,2,7,3
C12410,82,2,849.56,3,3,3,9,3
C12411,31,8,1587.81,4,4,4,12,1
C12412,147,2,69.19,2,3,1,6,3
C12413,3,37,17221.32,5,5,5,15,2
C12414,217,2,430.13,1,3,2,6,3
C12415,348,1,187.2,1,1,1,3,3
C12416,90,11,2594.54,2,5,5,12,1
C12417,42,15,7004.28,3,5,5,13,1
C12418,7,30,15167.37,5,5,5,15,2
C12419,31,6,1014.86,4,4,4,12,1
C12420,14,12,2828.11,5,5,5,15,2
C12421,1,37,12817.53,5,5,5,15,2
C12422,6,2,460.02,5,3,2,10,0
C12423,16,3,368.73,5,3,2,10,0
C12424,30,5,954.8199999999999,4,4,4,12,1
C12425,13,1,456.27000000000004,5,1,2,8,0
C12426,16,11,2459.27,5,5,5,15,1
C12427,54,1,12.75,3,1,1,5,3
C12428,25,13,2135.1,4,5,5,14,1
C12429,246,1,294.65,1,1,2,4,3
C12430,159,2,507.86,2,3,3,8,3
C12431,281,1,219.46,1,1,1,3,3
C12432,178,1,200.23000000000002,1,1,1,3,3
C12433,8,6,1341.08,5,4,4,13,1
C12434,81,1,212.88,3,1,1,5,3
C12435,16,11,3023.08,5,5,5,15,1
C12436,19,9,1992.6799999999998,4,4,4,12,1
C12437,66,10,1577.92,3,5,4,12,1
C12438,84,3,422.56,3,3,2,8,3
C12439,24,12,2860.7799999999997,4,5,5,14,1
C12440,89,2,314.8,2,3,2,7,3
C12441,76,3,1073.58,3,3,4,10,0
C12442,80,2,303.44000000000005,3,3,2,8,3
C12443,153,1,254.59,2,1,1,4,3
C12444,149,2,387.22,2,3,2,7,3
C12445,2,9,1632.56,5,4,4,13,2
C12446,4,13,2769.45,5,5,5,15,2
C12447,3,11,2448.25,5,5,5,15,2
C12448,15,19,7496.66,5,5,5,15,2
C12449,105,8,2049.68,2,4,5,11,1
C12450,63,6,694.06,3,4,3,10,1
C12451,62,1,269.07,3,1,1,5,3
C12452,229,2,671.21,1,3,3,7,3
C12453,72,10,2479.61,3,5,5,13,1
C12454,172,3,462.69,2,3,2,7,3
C12455,3,6,1072.42,5,4,4,13,2
C12456,208,2,363.09,1,3,2,6,3
C12457,15,2,326.41,5,3,2,10,0
C12458,58,3,652.32,3,3,3,9,0
C12459,3,2,254.44,5,3,1,9,0
C12460,198,1,88.27999999999999,1,1,1,3,3
C12461,128,1,276.87,2,1,2,5,3
C12462,62,2,449.84000000000003,3,3,2,8,0
C12463,268,2,742.2,1,3,3,7,3
C12464,112,2,121.97,2,3,1,6,3
C12465,8,7,910.95,5,4,3,12,1
C12466,13,6,1721.69,5,4,4,13,1
C12467,17,17,7500.15,4,5,5,14,2
C12468,150,2,432.11,2,3,2,7,3
C12469,47,2,562.66,3,3,3,9,0
C12470,66,5,1431.18,3,4,4,11,1
C12471,159,1,386.67999999999995,2,1,2,5,3
C12472,293,1,10.28,1,2,1,4,3
C12473,183,3,724.23,1,3,3,7,3
C12474,179,2,419.11,1,3,2,6,3
C12475,25,1,231.08,4,2,1,7,0
C12476,202,5,915.02,1,4,4,9,3
C12477,194,2,257.51,1,3,1,5,3
C12478,65,9,1298.54,3,4,4,11,1
C12479,26,3,808.72,4,3,3,10,0
C12480,47,7,1045.77,3,4,4,11,1
C12481,362,1,24.78,1,2,1,4,3
C12482,16,1,282.56,5,2,2,9,0
C12483,64,7,724.15,3,4,3,10,1
C12484,98,2,283.1,2,3,2,7,3
C12485,179,1,474.92,1,2,2,5,3
C12486,97,3,592.69,2,3,3,8,3
C12487,322,1,149.72,1,2,1,4,3
C12488,209,3,665.88,1,3,3,7,3
C12489,3,11,2404.75,5,5,5,15,2
C12490,38,9,1356.8,4,4,4,12,1
C12491,102,5,754.22,2,4,3,9,1
C12492,191,3,448.8,1,3,2,6,3
C12493,60,5,938.51,3,4,4,11,1
C12494,171,3,322.87,2,3,2,7,3
C12495,190,3,615.46,1,3,3,7,3
C12496,236,2,168.97,1,3,1,5,3
C12497,128,1,370.87,2,2,2,6,3
C12498,270,1,292.26,1,2,2,5,3
C12499,3,2,183.69,5,3,1,9,0
